id,anio,autor_principal,relacion,doi,titulo_oficial,autores,n_autores,revista,issn,editorial,tipo_publicacion,volumen,numero,paginas,fecha_publicacion,citas_crossref,citas_openalex,n_referencias,acceso_abierto,licencia,paises_openalex,instituciones_openalex,conceptos_openalex,financiacion,openalex_id,fuente_metadatos
001,2023,Torres,C,10.30827/profesorado.v27i1.24050,Compromiso escolar y TIC: una revisión sistemática de literatura,Andres Chiappe | Maria Emelina Torres | Javier Orlando Piraquive,3,"Profesorado, Revista de Currículum y Formación del Profesorado","1989-6395,1138-414X",Editorial de la Universidad de Granada,journal-article,27,1,471-501,2023-3-31,1,3,0,True,,CO,Universidad de La Sabana,Information and Communications Technology(0.75); Phenomenon(0.54); School dropout(0.53); Pedagogy(0.52); Dropout (neural networks)(0.51); Psychology(0.51),,W4362582995,crossref+openalex
002,2023,Apaydinli,B,10.31681/jetol.1243501,Content analysis of music education studies related to augmented reality technology,Köksal APAYDINLI (ORDU ÜNİVERSİTESİ),1,Journal of Educational Technology and Online Learning,2618-6586,Journal of Educational Technology and Online Learning,journal-article,6,2,447-481,2023-5-31,4,5,95,True,,TR,Ordu University,Computer science(0.60); Content analysis(0.57); Scopus(0.56); Field (mathematics)(0.52); Comprehension(0.47); Guitar(0.43),,W4378780652,crossref+openalex
003,2024,Fadillah,C,,,,,,,,,,,,,,,,,,,,,,,sin_doi
004,2025,Zeng,C,10.24191/ajue.v21i1.5563,Intangible Cultural Heritage in Fine Arts Curriculum in Chinese Secondary School: A Systematic Literature Review and Implications on Pre-Service Teacher Education,,0,Asian Journal of University Education,2600-9749,"UiTM Press, Universiti Teknologi MARA",journal-article,21,1,135-159,2025-2-28,4,5,0,True,,MY,Universiti Teknologi MARA,Curriculum(0.70); Pedagogy(0.57); Intangible cultural heritage(0.51); Cultural heritage(0.50); The arts(0.48); Service (business)(0.47),,W4409276013,crossref+openalex
005,2026,Saad,C,10.24191/ejssh.v10i1.9201,The impact of digital transformation in higher education: a systematic literature review,,,UiTM Institutional Repositories (Universiti Teknologi MARA),,,,,,,,,0,0,True,,MY,Universiti Teknologi MARA,Digital transformation(0.71); Knowledge management(0.58); Systematic review(0.53); Competence (human resources)(0.53); Transparency (behavior)(0.47); Scopus(0.42),,W7155723974,crossref+openalex
006,2024,Larasati,C,10.24821/resital.v25i3.14983,Bibliometric Analysis of 20 years of Traditional Music Research in Asia,Yuniar Galuh Larasati | Henky Fernando | Irwan Abdullah | Tatik Harpawati | Leanne Morin,5,Resital: Jurnal Seni Pertunjukan,"2338-6770,2085-9910",Institut Seni Indonesia Yogyakarta,journal-article,25,3,392-413,2025-4-29,2,2,0,True,,,,Traditional medicine(0.38); Medicine(0.17),,W4410468592,crossref+openalex
007,2026,Ratnasari,B,10.12928/biste.v8i2.15564,,,,,,,,,,,,,,,,,,,,,,crossref+openalex
008,2024,Arruti,C,10.58262/LEEME.54.0016,,,,,,,,,,,,,,,,,,,,,,crossref+openalex
009,2026,Hasfindra,B,,Analisis Kelayakan Penerapan Machine Learning pada Industri Musik,,,Jurnal Teknik dan Sistem Komputer,,,,,,,,,0,0,True,,ID,Universitas Muhammadiyah Riau,Ambiguity(0.62); Computer science(0.57); Dominance (genetics)(0.50); Quality (philosophy)(0.48); Selection (genetic algorithm)(0.48); Music industry(0.40),,W7172518842,openalex(title)
010,2025,Liu,C,10.24821/resital.v26i3.17607,Evolving Trends of Chinese Folk Music and Performing Arts Management in the Digital Age: A Bibliometric Analysis of Scopus-Indexed Articles Published between 2013 and 2024,Sayam Chuangprakhon | Qianqian Liu | You Lin | Warakorn Seeyo | Shujia Dong,5,Resital: Jurnal Seni Pertunjukan,"2338-6770,2085-9910",Institut Seni Indonesia Yogyakarta,journal-article,26,3,478-505,2025-12-31,0,0,0,True,,"CN,TH",Mahasarakham University; Chongqing University of Arts and Sciences; Chongqing Vocational Institute of Engineering,Performing arts(0.63); Thematic analysis(0.57); Scopus(0.53); Thematic map(0.47); The arts(0.44); China(0.41),,W7196975070,crossref+openalex
011,2026,Valencia-Arias,D,10.12688/f1000research.178134.1,"Cultural barriers in women's entrepreneurial education: Challenges, perceptions and transformation strategies",Alejandro Valencia-Arias (Instituto de Investigación de Estudios de la Mujer Santiago de Surco 15039 Universidad Ricardo Palma; Vicerrectoría de Investigación y postgrado Osorno Los Lagos Region 5290000 Universidad de Los Lagos) | Ada Gallegos (Instituto de Investigación de Estudios de la Mujer Santiago de Surco 15039 Universidad Ricardo Palma) | Jackeline Valencia (Instituto de Investigación de Estudios de la Mujer Santiago de Surco 15039 Universidad Ricardo Palma) | Ledy Gómez-Bayona (Coordinación de Investigación Medellín Antioquia 50010 Institucion Universitaria Marco Fidel Suarez) | Rutsmy Angel Manuel Gallegos Pacheco (Enfermería Lima District Lima Region 15453 Universidad Nacional de Educacion Enrique Guzman y Valle),5,F1000Research,2046-1402,F1000 Research Ltd,journal-article,15,,315,2026-2-24,0,0,52,True,https://creativecommons.org/licenses/by/4.0/,"CL,CO,PE",Universidad Ricardo Palma; Universidad de Los Lagos; Institución Universitaria Escolme; National University of Education Enrique Guzmán y Valle,Scopus(0.64); Sociocultural evolution(0.60); Empowerment(0.54); Perception(0.46); Public relations(0.45); Sociology(0.40),,W7162565100,crossref+openalex
012,2026,Xiong,C,10.70917/ijcisim-2026-2164,Al-Based Feedback Systems and Student Learning Outcomes in Higher Education: A systematic review (2020-2025),Zhichao Xiong | Mohamad Nizam Nazarudin | Yan Tian,3,International Journal of Computer Information Systems and Industrial Management Applications,"2150-7988,2150-7988","Cerebration Science Publishing Co., Limited",journal-article,18,,15,2026-6-29,0,0,0,True,https://creativecommons.org/licenses/by/4.0,MY,National University of Malaysia,Grading (engineering)(0.66); Formative assessment(0.55); Learning analytics(0.51); Computer science(0.50); Psychology(0.44); Mathematics education(0.37),,W7166827278,crossref+openalex
013,2025,Mukhtar,D,10.11591/edulearn.v19i4.23239,Educational leadership innovation: a recent comprehensive structured review,Suhaibah Mukhtar | Ahmad Zabidi A. Razak | Ninik Setiyowati | Mohd Azizul Adni,4,Journal of Education and Learning (EduLearn),"2302-9277,2089-9823",Institute of Advanced Engineering and Science,journal-article,19,4,2342-2350,2025-11-1,2,2,0,True,http://creativecommons.org/licenses/by/4.0,"ID,MY",University of Malaya; State University of Malang,Scopus(0.62); Knowledge management(0.52); Educational leadership(0.52); Adaptability(0.52); Systematic review(0.50); Leadership studies(0.48),,W4412961032,crossref+openalex
014,2024,Sularso,B,,,,,,,,,,,,,,,,,,,,,,,sin_doi
015,2025,Arets,C,,,,,,,,,,,,,,,,,,,,,,,sin_doi
016,2026,AddinulJihad,D,,,,,,,,,,,,,,,,,,,,,,,sin_doi
017,2026,Musdira,C,10.66053/voice.v4i2.472,Learning Agility Measurement Models in Technology-Driven Learning Environments: A Systematic Literature Review,Nurhayi Musdira | Mukhlisin | Minah Sintian,3,"Journal of Vocational, Informatics and Computer Education","2988-6325,2988-4918",PT. Academic Bright Collaboration,journal-article,,,30-42,2026-6-1,0,0,0,True,https://creativecommons.org/licenses/by-sa/4.0,"ID,MY",State University of Makassar; Sultan Idris Education University,Systematic review(0.76); Scopus(0.68); Confirmatory factor analysis(0.61); Psychology(0.53); Process (computing)(0.52); Structural equation modeling(0.51),,W7164004461,crossref+openalex
018,2025,He,B,10.47405/mjssh.v10i6.3437,"Harmonizing Tradition, Algorithm, and Innovation: A Bibliometric Study on AI in Traditional Music",Wei Jie He | I Ta Wang | KuWing Cheong,3,Malaysian Journal of Social Sciences and Humanities (MJSSH),2504-8562,Secholian Publication,journal-article,10,6,e003437,2025-6-24,1,1,0,True,,,,Computer science(0.40); Artificial intelligence(0.34),,W4412847194,crossref+openalex
019,2025,Sahlan,D,10.33086/ehdj.v10i3.8390,,,,,,,,,,,,,,,,,,,,,,crossref+openalex
020,2026,MohdNong,C,10.37934/araset.60.1.4159,,,,,,,,,,,,,,,,,,,,,,crossref+openalex
021,2025,Du,B,10.21831/cp.v44i3.84011,Breaking the sound barrier: Spectrum–based pedagogies in modern vocal music education,Enbo Du | Mariam Oluwatoyin Idris,2,Jurnal Cakrawala Pendidikan,"2442-8620,0216-1370",Universitas Negeri Yogyakarta,journal-article,44,3,523-538,2025-10-6,0,0,0,True,http://creativecommons.org/licenses/by-sa/4.0,"CN,MY",Ankang University; Sultan Idris Education University,Singing(0.73); Vocal music(0.64); Transformative learning(0.47); Curriculum(0.46); Voice Training(0.42); Psychology(0.42),,W4414860215,crossref+openalex
022,2024,Lin,B,10.37934/frle.37.1.4158,A Systematic Review of Metaverse-Based Learning in Music Education,Fei Lin | Melor Md Yunus,2,International Journal of Advanced Research in Future Ready Learning and Education,2821-2800,Akademia Baru Publishing,journal-article,37,1,41-58,2024-12-17,4,4,0,True,,"CN,MY",Anhui Xinhua University; Guangzhou Xinhua University; National University of Malaysia,Metaverse(0.50); Psychology(0.36); Computer science(0.34); Artificial intelligence(0.17); Virtual reality(0.00),,W4405481685,crossref+openalex
023,2026,Dimitriadou,C,,,,,,,,,,,,,,,,,,,,,,,sin_doi
024,2025,Suripah,D,,,,,,,,,,,,,,,,,,,,,,,sin_doi
025,2026,Deroncele-Acosta,C,10.62161/revvisual.v18.6245,Educación en museos en la era digital,Angel Deroncele-Acosta | Andresa Sartor-Harada | Yanet Martín-Mazorra | Juliana Azevedo-Gomes,4,VISUAL REVIEW. International Visual Culture Review / Revista Internacional de Cultura Visual,2695-9631,Visualcom Scientific Publications SL,journal-article,18,4,57-84,2026-8-3,0,0,75,True,https://creativecommons.org/licenses/by-nd/4.0,"ES,PE",Universidad San Ignacio de Loyola; Universidad Internacional De La Rioja,Humanities(0.47); Art(0.36); Work (physics)(0.25); Political science(0.24); Digital media(0.20); Task (project management)(0.20),,W7172263982,crossref+openalex
026,2021,AbdulWahab,C,10.47405/mjssh.v6i3.706,The Big Why of Implementing Computational Thinking In STEM Education: A Systematic Literature Review,Norhafizan Abdul Wahab | Othman Talib | Fazilah Razali | Nurzatulshima Kamarudin,4,Malaysian Journal of Social Sciences and Humanities (MJSSH),2504-8562,Secholian Publication,journal-article,6,3,272-289,2021-3-8,6,17,0,True,,MY,Universiti Putra Malaysia,Systematic review(0.70); Scopus(0.66); Web of science(0.49); Engineering ethics(0.48); Discipline(0.46); Medical education(0.39),,W3133856659,crossref+openalex
027,2025,Imanulyaqin,D,,TRENDS AND KNOWLEDGE STRUCTURE IN GLOBAL STUDIES OF EDUCATION AND SOCIAL TRANSFORMATION: A BIBLIOMETRIC ANALYSIS (2000–2024),,,JURNAL EDUSCIENCE,,,,,,,,,0,0,True,,ID,Tanjungpura University,Transformative learning(0.68); CLARITY(0.52); Sociology(0.47); Originality(0.44); Higher education(0.44); Scopus(0.43),,W4417099736,openalex(title)
028,2024,Feng,D,10.1080/23311983.2024.2426363,A bibliometric analysis of review on folk art,"Feng Lijuan (Faculty of Design and Architecture, University Putra Malaysia, Malaysia) | Ahmad Rizal Abdul Rahman (Faculty of Design and Architecture, University Putra Malaysia, Malaysia)",2,Cogent Arts &amp; Humanities,2331-1983,Informa UK Limited,journal-article,11,1,,2024-12-15,0,0,65,True,http://creativecommons.org/licenses/by/4.0/,MY,Universiti Putra Malaysia,History(0.34),,W4405456226,crossref+openalex
029,2026,Iqbal,C,10.1007/s11831-026-10584-w,A Comprehensive Review of Audio Segmentation and Classification: from Rule-Based Methods to YOHO and Deep Learning Approaches,Abid Iqbal | Irfan Ahmed,2,Archives of Computational Methods in Engineering,"1134-3060,1886-1784",Springer Science and Business Media LLC,journal-article,,,,2026-4-14,0,0,75,False,https://www.springernature.com/gp/researchers/text-and-data-mining,"PK,SA",King Faisal University; University of Engineering and Technology Peshawar,Deep learning(0.81); Artificial intelligence(0.75); Computer science(0.74); Segmentation(0.65); Machine learning(0.32); Pattern recognition (psychology)(0.31),,W7154079446,crossref+openalex
030,2026,Meyer,D,10.1007/s10032-026-00602-9,A document is worth a structured record: Principled inductive bias design for document recognition,Benjamin Meyer | Lukas Tuggener | Sascha Hänzi | Daniel Schmid | Erdal Ayfer | Benjamin F. Grewe | Ahmed Abdulkadir | Thilo Stadelmann,8,International Journal on Document Analysis and Recognition (IJDAR),"1433-2833,1433-2825",Springer Science and Business Media LLC,journal-article,,,,2026-7-23,0,0,94,True,https://creativecommons.org/licenses/by/4.0,"CH,IT",SIB Swiss Institute of Bioinformatics; University of Zurich; ETH Zurich; ZHAW Zurich University of Applied Sciences; European Centre for Living Technology,Computer science(0.74); Rendering (computer graphics)(0.51); Transformer(0.50); Artificial intelligence(0.44); Inductive bias(0.42); Information retrieval(0.38),Innosuisse - Schweizerische Agentur für Innovationsförderung; ZHAW School of Engineering,W4414257631,crossref+openalex
031,2026,Tsai,C,10.1007/s11042-026-21404-5,A lightweight real-time karaoke system with improved singing voice separation via fundamental frequency estimation integration,Tsung-Han Tsai | Ling-Wei Wu,2,Multimedia Tools and Applications,1573-7721,Springer Science and Business Media LLC,journal-article,85,3,,2026-3-3,0,0,35,False,https://www.springernature.com/gp/researchers/text-and-data-mining,TW,National Central University,Computer science(0.87); Singing(0.70); Separation (statistics)(0.56); Source separation(0.54); Limiting(0.53); Artificial neural network(0.50),,W7133303564,crossref+openalex
032,2026,Li,A,10.7717/peerj-cs.3464,A reinforcement learning-based adaptive evaluation framework for personalized music education,Jing Li,1,PeerJ Computer Science,2376-5992,PeerJ,journal-article,12,,e3464,2026-2-3,1,1,31,True,https://creativecommons.org/licenses/by/4.0/,,,Reinforcement learning(0.79); Computer science(0.76); Personalized learning(0.63); Adaptability(0.56); Grading (engineering)(0.52); Scalability(0.52),,W7127375141,crossref+openalex
033,2026,Liang,C,10.1038/s41598-026-43529-1,A spiking neural network inspired by neuroscience and psychology for Western mode- and key-conditioned music learning and composition,Qian Liang | Yi Zeng | Menghaoran Tang,3,Scientific Reports,2045-2322,Springer Science and Business Media LLC,journal-article,16,1,,2026-3-10,0,0,61,True,https://creativecommons.org/licenses/by-nc-nd/4.0,"CN,JP",Institute of Automation; Zen-Noh (Japan); Shandong Institute of Automation; Beijing Academy of Artificial Intelligence; Chinese Academy of Governance; University of Chinese Academy of Sciences,Melody(0.74); Computer science(0.61); Perception(0.55); Spiking neural network(0.55); Music psychology(0.51); Structuring(0.49),Strategic Priority Research Program of the Chinese Academy of Sciences.; National Natural Science Foundation of China,W7134954717,crossref+openalex
035,2026,Yang,B,10.70917/ijcisim-2026-1821,A study on the comprehensive development of vocal education under the dual role of voice training and mental quality cultivation,Shifang Yang,1,International Journal of Computer Information Systems and Industrial Management Applications,"2150-7988,2150-7988","Cerebration Science Publishing Co., Limited",journal-article,18,,19,2026-5-9,0,0,0,True,https://creativecommons.org/licenses/by/4.0,CN,Chongqing Vocational and Technical University of Mechatronics; Chongqing Vocational Institute of Engineering,Quality (philosophy)(0.56); Psychology(0.45); Perception(0.44); Computer science(0.43); Cognition(0.43); Dual (grammatical number)(0.42),,W7161290298,crossref+openalex
036,2026,Zhou,B,10.1007/s44163-026-01289-x,A transformer-based intelligent online virtual conductor assistance system for choirs,Wenwen Zhou,1,Discover Artificial Intelligence,2731-0809,Springer Science and Business Media LLC,journal-article,6,1,,2026-4-28,0,0,28,True,https://creativecommons.org/licenses/by-nc-nd/4.0,KR,Kyungnam University,Computer science(0.57); Conductor(0.56); Choir(0.54); Gesture(0.53); Motion (physics)(0.51); Artificial intelligence(0.49),,W7157110931,crossref+openalex
037,2026,Cherdchoo,A,10.24507/icicelb.17.09.881,,,,,,,,,,,,,,,,,,,,,,crossref+openalex
038,2026,Deng,A,10.5216/mh.v26.85176,AI-Based Feedback Systems in Piano Education: Effects on Technical Accuracy and Learner Autonomy,Xiaodong Deng,1,Música Hodie,"1676-3939,2317-6776",Universidade Federal de Goias,journal-article,26,,,2026-7-1,0,0,0,True,,CN,Shenyang Conservatory of Music,Piano(0.93); Autonomy(0.77); Quality (philosophy)(0.62); Psychology(0.59); Sample (material)(0.58); Control (management)(0.49),,W7201839588,crossref+openalex
040,2025,Lu,B,10.1504/IJICT.2025.10071414,AI-powered intelligent music education systems for real-time feedback and performance assessment,Lu Lu,1,International Journal of Information and Communication Technology,"1466-6642,1741-8070",Inderscience Publishers,journal-article,1,1,,2025,0,0,0,True,,,,Computer science(0.91); Human–computer interaction(0.40); Multimedia(0.40); Artificial intelligence(0.33); Real-time computing(0.32),,W4410626606,crossref+openalex
041,2026,Shehzad,C,10.4018/979-8-3373-4222-1.ch005,A Systematic Review of AI's Effect on Students' Mental Health and Well-Being,"Naureen Shehzad (Higher Colleges of Technology, UAE) | Saima Nomaan (University of Birmingham, Dubai, UAE) | Tendai Charles (The British University in Dubai, UAE)",3,Advances in Computational Intelligence and Robotics,"2327-0411,2327-042X",IGI Global Scientific Publishing,book-chapter,,,105-138,2026-3-26,1,1,53,False,,"AE,GB",Higher Colleges of Technology; University of Dubai; University of Birmingham; British University in Dubai,Psychological intervention(0.69); Mental health(0.67); Psychology(0.53); Systematic review(0.49); Applied psychology(0.47); Empirical research(0.42),,W7140782830,crossref+openalex
042,2023,PalominoFlores,C,10.26668/businessreview/2023.v8i10.3789,Academic Engagement: A Bibliometric Analysis in Scientific Production,Javier Valentino Palomino Flores | Giuliana del Pilar Saravia Ramos | Irma Milagros Carhuancho Mendoza | Lady Barbara Layme Calatayud | Ruth Inés Palomino Flores,5,International Journal of Professional Business Review,"2525-3654,2525-3654",Conselho Nacional de Pesquisa e Pos-Graduacao em Direito - CONPEDI,journal-article,8,10,e03789,2023-10-10,0,0,0,True,https://creativecommons.org/licenses/by-nd/4.0,,,Originality(0.67); Multidisciplinary approach(0.59); Comprehension(0.49); Field (mathematics)(0.47); Exploratory research(0.45); Student engagement(0.44),,W4387518158,crossref+openalex
043,2025,Yao,B,10.70917/ijcisim-2025-0268,An Innovative Study on the Interaction Mode of Artificial Intelligence-Enabled Music Classroom,Wei Yao,1,International Journal of Computer Information Systems and Industrial Management Applications,"2150-7988,2150-7988","Cerebration Science Publishing Co., Limited",journal-article,17,,16,2025-12-31,1,1,0,True,https://creativecommons.org/licenses/by/4.0/,CN,Taizhou University,Computer science(0.61); Active listening(0.59); Pop music automation(0.52); Harmony (color)(0.51); Generative grammar(0.50); Music education(0.45),,W7128477006,crossref+openalex
044,2026,Deng,A,10.1038/s41598-026-53749-0,An adaptive emotion aware music education system using machine learning for personalized emotional wellbeing enhancement,Xinyun Deng | Yongxin Zhou | Xingzhi Guan | Yuhui Wang,4,Scientific Reports,2045-2322,Springer Science and Business Media LLC,journal-article,16,1,,2026-6-6,0,0,33,True,https://creativecommons.org/licenses/by-nc-nd/4.0,"CN,MY,US",Central South University; University of Michigan; UCSI University,Emotion recognition(0.58); Computer science(0.58); Artificial intelligence(0.47); Machine learning(0.43); Psychology(0.36); Adaptation (eye)(0.32),,W7163761341,crossref+openalex
046,2026,Shi,A,10.1007/s44163-026-01858-0,An affective computing framework for preschool music education using MoE architecture and neural radiance fields,Xinxin Shi,1,Discover Artificial Intelligence,2731-0809,Springer Science and Business Media LLC,journal-article,6,1,,2026-8-16,0,0,36,True,https://creativecommons.org/licenses/by-nc-nd/4.0,CN,Jiaozuo University,Computer science(0.64); Scalability(0.58); Software deployment(0.57); Field (mathematics)(0.55); Key (lock)(0.49); Multimedia(0.48),,W7203578012,crossref+openalex
048,2026,Hu,B,10.1504/IJICT.2026.10075844,Analysis of an intelligent piano music transcription model by deep reinforcement learning,Yan Hu | Jing Wang,2,International Journal of Information and Communication Technology,"1466-6642,1741-8070",Inderscience Publishers,journal-article,27,3,,2026,0,0,0,True,,,,Computer science(0.80); Reinforcement learning(0.79); Piano(0.68); Information and Communications Technology(0.51); Transcription (linguistics)(0.50); Artificial intelligence(0.43),,W7125236069,crossref+openalex
049,2026,Yang,B,10.70917/ijcisim-2026-1789,Application and Effect Evaluation of Blended Teaching Model of Higher Vocational Music Education in the Context of AI Era,Shifang Yang,1,International Journal of Computer Information Systems and Industrial Management Applications,"2150-7988,2150-7988","Cerebration Science Publishing Co., Limited",journal-article,18,,15,2026-4-28,0,0,0,True,https://creativecommons.org/licenses/by/4.0,,,Vocational education(0.59); Context (archaeology)(0.55); Computer science(0.51); Set (abstract data type)(0.49); Music education(0.48); Mathematics education(0.44),,W7159604059,crossref+openalex
050,2026,Lu,A,10.22630/MGV.2026.35.1.4,Application of computer vision technology in the recognition of Guzheng playing posture,Dan Lu,1,Machine Graphics &amp; Vision,"2720-250X,1230-0535",Warsaw University of Life Sciences - SGGW Press,journal-article,35,1,71-92,2026-3-31,0,0,25,True,,CN,Northeast Agricultural University,Computer science(0.73); Convolutional neural network(0.59); Artificial intelligence(0.56); Gesture(0.53); Action (physics)(0.51); Feature (linguistics)(0.50),,W7154592386,crossref+openalex
051,2026,Behzadaval,B,10.3390/educsci16020309,Application of Visual Information in Music Education Digital Technologies: A Scoping Review,"Bahareh Behzadaval (Department of Education and Social Work, Faculty of Humanities, Education and Social Sciences (FHSE), University of Luxembourg, Belval, 4366 Esch-sur-Alzette, Luxembourg) | Laura Serra Marin (Department of Education and Social Work, Faculty of Humanities, Education and Social Sciences (FHSE), University of Luxembourg, Belval, 4366 Esch-sur-Alzette, Luxembourg) | Luc Nijs (Department of Education and Social Work, Faculty of Humanities, Education and Social Sciences (FHSE), University of Luxembourg, Belval, 4366 Esch-sur-Alzette, Luxembourg)",3,Education Sciences,2227-7102,MDPI AG,journal-article,16,2,309,2026-2-13,2,2,132,True,https://creativecommons.org/licenses/by/4.0/,LU,University of Luxembourg,Modalities(0.58); Computer science(0.55); Multimodality(0.53); Embodied cognition(0.42); Notation(0.41); Affordance(0.40),,W7128807849,crossref+openalex
052,2026,Dai,B,10.1007/s13198-026-03257-1,Application of wearable perception and soft computing algorithms in personalized recommendation of music online teaching,Dai Yufei,1,International Journal of System Assurance Engineering and Management,"0975-6809,0976-4348",Springer Science and Business Media LLC,journal-article,17,7,2031-2040,2026-3-18,0,0,18,False,https://www.springernature.com/gp/researchers/text-and-data-mining,CN,Xinzhou Teachers University,Personalization(0.79); Wearable computer(0.79); Computer science(0.75); Multimedia(0.56); Soft computing(0.52); Field (mathematics)(0.52),,W7138959971,crossref+openalex
053,2022,Olaleye,D,10.21125/iceri.2022,ICERI2022 Proceedings,,0,ICERI Proceedings,2340-1095,IATED,proceedings,1,,,2022-11-7,2,5,0,True,,,,Computer science(0.61),,W4310051841,crossref+openalex
054,2025,Wang,B,10.70917/ijcisim-2025-0311,Artificial Intelligence-Driven Innovative Research and Educational Practice of Chinese Minority Music Inheritance Model,Ying Wang,1,International Journal of Computer Information Systems and Industrial Management Applications,"2150-7988,2150-7988","Cerebration Science Publishing Co., Limited",journal-article,17,,22,2025-12-30,0,0,0,True,https://creativecommons.org/licenses/by/4.0/,CN,Xinjiang Normal University,Inheritance (genetic algorithm)(0.75); Melody(0.67); Computer science(0.54); Artificial intelligence(0.54); Hidden Markov model(0.45); Field (mathematics)(0.43),,W7128491194,crossref+openalex
055,2026,AtayKarlidag,B,10.3390/app16115383,Artificial Intelligence-Supported Solfège Instruction in Higher Music Education: Effects on Student Performance and Learning Attitudes,"Bilge Atay Karlıdağ (Voice Education Department, Turkish Music Conservatory, Gaziantep University, 27310 Gaziantep, Turkey) | Tülün Malkoç (Department of Fine Art Education, Ataturk Education Faculty, Marmara University, 34722 Istanbul, Turkey) | Seval Eminoğlu Küçüktepe (Department of Educational Sciences, Ataturk Education Faculty, Marmara University, 34722 Istanbul, Turkey)",3,Applied Sciences,2076-3417,MDPI AG,journal-article,16,11,5383,2026-5-28,0,0,56,True,https://creativecommons.org/licenses/by/4.0/,TR,Gaziantep University; Marmara University,Psychology(0.64); Test (biology)(0.50); Action (physics)(0.42); Action research(0.39); Scale (ratio)(0.36); Mathematics education(0.36),,W7162640778,crossref+openalex
056,2026,Rui,A,10.55670/fpll.futech.5.1.27,Artificial intelligence and digital technologies for piano sight-reading skill development: a scoping review,Ruiqing Rui | Muhammad Syawal Amran | Nurfaradilla Mohamad Nasri,3,Future Technology,2832-0379,Future Publishing LLC,journal-article,5,1,314-323,2026-2-15,0,0,0,True,,MY,National University of Malaysia,Sophistication(0.75); Computer science(0.59); Piano(0.52); Multimedia(0.46); Human–computer interaction(0.45); Mobile device(0.43),,W7125590178,crossref+openalex
057,2026,Mazlan,B,10.1007/s44217-026-01127-3,Artificial intelligence applications and pedagogical challenges in music education,Chamil Arkhasa Nikko Mazlan | Hafizul Fahri Hanafi | Muhammad Ridhwan Sarifin | Ahmad Rithaudin Md Noor | Saule Altynbayevna Sadykova | Riyan Hidayatullah | Surasak Jamnongsarn,7,Discover Education,2731-5525,Springer Science and Business Media LLC,journal-article,5,1,,2026-1-29,6,6,146,True,https://creativecommons.org/licenses/by-nc-nd/4.0,"ID,KZ,MY,TH","Sultan Idris Education University; National Academy of Arts, Culture and Heritage; Universiti Teknologi MARA System; Aktobe Regional State University named after K.Zhubanov; Lampung University; Srinakharinwirot University",Creativity(0.62); Computer science(0.56); Music and artificial intelligence(0.51); Taxonomy (biology)(0.50); Generative grammar(0.43); Artificial intelligence(0.41),,W7126118076,crossref+openalex
059,2026,Liu,B,10.1038/s41598-026-45027-w,Artificial intelligence technology for music teaching reform mode under DCNN algorithm,Chang Liu | Ningning Shi | Shen Jiang,3,Scientific Reports,2045-2322,Springer Science and Business Media LLC,journal-article,16,1,,2026-3-19,0,0,37,True,https://creativecommons.org/licenses/by-nc-nd/4.0,CN,Heilongjiang University,Computer science(0.80); Inference(0.65); Spectrogram(0.56); Convolutional neural network(0.56); Mode (computer interface)(0.48); Artificial intelligence(0.48),,W7139132737,crossref+openalex
061,2026,Dong,C,,Augmenting Human Creativity with Machine Learning,,,Proceedings of the AAAI Conference on Artificial Intelligence,,,,,,,,,0,0,True,,US,University of Michigan,Generative grammar(0.75); Computer science(0.67); Creativity(0.60); Artificial intelligence(0.57); Generative model(0.53); Computational creativity(0.44),,W7138982031,openalex(title)
062,2025,Wu,D,,,,,,,,,,,,,,,,,,,,,,,sin_doi
063,2025,Kelmendi,C,10.5216/mh.v25.82418,Children’s Choral Songs as a Socio-Cultural Tool in Shaping Collective Consciousness,Arsim Kelmendi | Mimoza Pajaziti-Drançolli,2,Música Hodie,"1676-3939,2317-6776",Universidade Federal de Goias,journal-article,25,,,2025-7-11,2,2,0,True,,,"University ""Haxhi Zeka""",Choir(0.94); Singing(0.81); Context (archaeology)(0.57); Psychology(0.51); Relevance (law)(0.48); Perception(0.42),,W7109974208,crossref+openalex
065,2026,Zhang,A,10.1007/s44163-026-00923-y,Comprehensive evaluation of folk music teaching effects based on multimodal machine learning,Aijuan Zhang,1,Discover Artificial Intelligence,2731-0809,Springer Science and Business Media LLC,journal-article,6,1,,2026-2-24,0,0,26,True,https://creativecommons.org/licenses/by-nc-nd/4.0,CN,Henan University of Technology; Zhengzhou Business University,Gesture(0.68); Computer science(0.65); Speech recognition(0.50); Artificial intelligence(0.47); Feature (linguistics)(0.46); Convolutional neural network(0.46),,W7131220386,crossref+openalex
068,2026,Wang,B,10.4018/IJWLTT.409032,Construction and Empirical Study of Music Education Model Based Upon Big Data and Relevance Theory,"Faping Wang (Xinyang Agriculture and Forestry University, China)",1,International Journal of Web-Based Learning and Teaching Technologies,"1548-1093,1548-1107",IGI Global Scientific Publishing,journal-article,21,1,1-19,2026-5-4,0,0,30,True,http://creativecommons.org/licenses/by/3.0/deed.en_US,CN,Xinyang Agriculture and Forestry University,Big data(0.76); Computer science(0.67); Construct (python library)(0.58); Context (archaeology)(0.57); Personalization(0.53); Empirical research(0.51),,W7160039401,crossref+openalex
069,2026,Yao,B,10.4018/JCIT.410613,Construction and Practice of the Music Curriculum System in Artificial Intelligence Scenes for Normal Majors in Higher Vocational Colleges,"Hang Yao (Teachers College, Xinxiang Vocational and Technical College, China)",1,Journal of Cases on Information Technology,"1548-7717,1548-7725",IGI Global Scientific Publishing,journal-article,28,1,1-15,2026-5-20,0,0,27,True,http://creativecommons.org/licenses/by/3.0/deed.en_US,CN,Jiaxing Vocational Technical College,Vocational education(0.87); Curriculum(0.84); Music and artificial intelligence(0.60); Mathematics education(0.49); Engineering(0.42); Music education(0.41),,W7161770519,crossref+openalex
070,2025,Luo,B,10.70917/ijcisim-2025-0234,Construction of a personalized learning path for vocal music teaching through cloud platform in college music courses,Lizhang Luo,1,International Journal of Computer Information Systems and Industrial Management Applications,"2150-7988,2150-7988","Cerebration Science Publishing Co., Limited",journal-article,17,,16,2025-12-19,0,0,0,True,https://creativecommons.org/licenses/by/4.0/,CN,Sichuan University of Science and Engineering,Ant colony optimization algorithms(0.78); Computer science(0.72); Personalized learning(0.70); Cloud computing(0.67); Path (computing)(0.63); Multimedia(0.56),,W7128537531,crossref+openalex
071,2022,UmanJuarez,C,10.18687/LEIRD2025.1.1.331,Student Creativity at Risk: A Scoping Review of the Negative Effects of Generative AI in University Education,Steve Jason Umán Juarez | Carmen Rosa Hurtado Laura De Mera | Giovanna Irayda Alcántara Cuba De Byrne | Luis Alberto Byrne Jaramillo | Kenji Alberto Chung Sanchez,5,"Proceedings of the 5th LACCEI International Multiconference on Entrepreneurship, Innovation and Regional Development (LEIRD 2025): ""Entrepreneurship with Purpose: Social and Technological Innovation in the Age of AI""",,Latin American and Caribbean Consortium of Engineering Institutions,proceedings-article,,,,2025,0,0,0,True,,,,Creativity(0.53); Psychology(0.47); Mathematics education(0.46); University education(0.45); Generative grammar(0.45); Pedagogy(0.41),,W4417244887,crossref+openalex
072,2026,Usero,C,10.3390/app16147271,Convolutional Neural Networks and Computer Vision,"Luis Usero (Cognitive Science Research Group, Universidad de Alcalá, 28805 Alcalá de Henares, Madrid, Spain) | Juan P. Llerena (Cognitive Science Research Group, Universidad de Alcalá, 28805 Alcalá de Henares, Madrid, Spain; Applied Artificial Intelligence Group, Computer Science and Engineering Department, Universidad Carlos III de Madrid (ROR Code 03ths8210), 28270 Colmenarejo, Madrid, Spain) | Miguel A. Patricio (Applied Artificial Intelligence Group, Computer Science and Engineering Department, Universidad Carlos III de Madrid (ROR Code 03ths8210), 28270 Colmenarejo, Madrid, Spain)",3,Applied Sciences,2076-3417,MDPI AG,journal-article,16,14,7271,2026-7-21,0,0,6,True,https://creativecommons.org/licenses/by/4.0/,ES,Universidad de Alcalá; Universidad Carlos III de Madrid,Computer science(0.74); Artificial intelligence(0.74); Convolutional neural network(0.69); Automation(0.57); Computer vision(0.52); Process (computing)(0.49),,W7169877770,crossref+openalex
073,2025,AlmeidaMonge,C,,,,,,,,,,,,,,,,,,,,,,,sin_doi
074,2025,Zhou,D,10.1080/2331186X.2025.2590832,Decoding leadership in Chinese higher education: a systematic review of insights and innovations (2016–2025),"Shulin Zhou (Faculty of Education, Universiti Kebangsaan Malaysia) | Aida Hanim Binti Hamid (Faculty of Education, Universiti Kebangsaan Malaysia) | Bity Salwana Binti Alias (Faculty of Education, Universiti Kebangsaan Malaysia)",3,Cogent Education,2331-186X,Informa UK Limited,journal-article,12,1,,2025-11-27,0,0,37,True,http://creativecommons.org/licenses/by/4.0/,MY,National University of Malaysia,Constructive(0.62); Leadership style(0.55); Leadership studies(0.46); Shared leadership(0.45); Psychology(0.44); Bridging (networking)(0.43),,W4416758532,crossref+openalex
075,2026,Li,A,10.1007/s40745-026-00689-1,Deep Reinforcement Learning for Personalised Music Learning Pathways,Ni Li | Zixiang Hong,2,Annals of Data Science,"2198-5804,2198-5812",Springer Science and Business Media LLC,journal-article,13,4,1013-1032,2026-3-27,0,0,46,False,https://www.springernature.com/gp/researchers/text-and-data-mining,CN,Fuzhou University,Reinforcement learning(0.75); Computer science(0.63); Adaptation (eye)(0.57); Process (computing)(0.57); Task (project management)(0.50); Markov decision process(0.47),Fujian Provincial Finance Department,W7141032265,crossref+openalex
077,2026,Li,A,10.1007/s44163-026-01115-4,Deep learning-based personalized learning path planning and optimization model for music education,Jing Li,1,Discover Artificial Intelligence,2731-0809,Springer Science and Business Media LLC,journal-article,6,1,,2026-3-31,0,0,34,True,https://creativecommons.org/licenses/by-nc-nd/4.0,CN,Hebei Normal University,Computer science(0.63); Personalized learning(0.51); Artificial intelligence(0.44); Multimedia(0.42); Path (computing)(0.39); Human–computer interaction(0.39),,W7143666520,crossref+openalex
079,2026,Li,B,10.1007/s43926-026-00332-8,Deep learning-driven automatic music score recognition and digital transcription algorithm,Huina Li | Xinyan Song,2,Discover Internet of Things,2730-7239,Springer Science and Business Media LLC,journal-article,6,1,,2026-4-29,0,0,33,True,https://creativecommons.org/licenses/by-nc-nd/4.0,CN,Jiaozuo University; Zhengzhou University,Computer science(0.64); Artificial intelligence(0.57); Transcription (linguistics)(0.48); Speech recognition(0.40); Pattern recognition (psychology)(0.38); Algorithm(0.35),,W7159872170,crossref+openalex
081,2024,Leon-Garrido,B,10.17811/rifie.20620,Diseño y validación de un instrumento de evaluación para apps móviles musicales a través del juicio de expertos,Antonio León-Garrido | Julio Manuel Barroso-Osuna | Mª Carmen Llorente-Cejudo,3,Aula Abierta,"2341-2313,0210-2773",Universidad de Oviedo,journal-article,53,2,169-179,2024-6-21,6,6,0,True,https://creativecommons.org/licenses/by-nc-nd/4.0,ES,Universidad de Sevilla,Humanities(0.58); Art(0.56),,W4399897353,crossref+openalex
082,2025,Solorzano,A,10.5565/rev/grafica.374,Estrategias de diseño en la creación de personajes para videojuegos educativos infantiles: caso MIDI-Musical,Nayeth Solorzano Alcivar | Da Hee Park Kim | Andrea Rubio Zurita | Elizabeth Elizalde Ríos,4,grafica,"2014-9298,2339-7500",Universitat Autonoma de Barcelona,journal-article,13,25,187-199,2025-1-14,0,0,26,True,https://creativecommons.org/licenses/by/4.0,EC,Escuela Superior Politecnica del Litoral,Humanities(0.81); Art(0.55); MIDI(0.41); Psychology(0.33); Computer science(0.11); Operating system(0.00),,W4404462137,crossref+openalex
083,2026,Arkhrust,B,10.1007/s44217-026-02013-8,Digital technology adoption and perceived barriers in music composition education among preservice music teachers in Ghanaian Colleges of Education,Kow Arkhrust | Francis Afenyo Dzakey | Adom Faith Mawunya,3,Discover Education,2731-5525,Springer Science and Business Media LLC,journal-article,5,1,,2026-8-20,0,0,28,True,https://creativecommons.org/licenses/by-nc-nd/4.0,GH,"Presbyterian University, Ghana; University of Cape Coast",Music education(0.68); Composition (language)(0.68); Pedagogy(0.60); Curriculum(0.57); Thematic analysis(0.55); Qualitative research(0.47),,W7203830660,crossref+openalex
084,2026,Badger,C,10.46328/ijte.5111,&lt;b&gt;The Impact of GenAI Chatbots on Student Learning in Higher Education: A Literature Review  &lt;/b&gt;,Merete Badger (Copenhagen Business School) | Nuria López (Copenhagen Business School) | Camilla Falk Rønne Nissen (Copenhagen Business School),3,International Journal of Technology in Education,2689-2758,ISTES Organization,journal-article,9,1,43-69,2026-1-1,5,5,0,True,https://creativecommons.org/licenses/by-nc-sa/4.0,DK,Copenhagen Business School,Psychology(0.45); Chatbot(0.42); Empirical research(0.41); Key (lock)(0.41); Generative grammar(0.41); Empirical evidence(0.40),,W7118066178,crossref+openalex
085,2025,Nguyen,C,10.12973/eu-jer.14.1.73,Applying Augmented Reality Technology in STEM Education: A Bibliometrics Analysis in Scopus Database,Nguyen Truong Giang | Dinh Ngo Van | Ngu Pham Nguyen Hong | Chau Do Bao | Thao Nguyen Phuong | Thao Trinh Thi Phuong,6,European Journal of Educational Research,"2165-8714,2165-8714",Eurasian Society of Educational Research,journal-article,14,1,73-87,2024-11-9,5,5,0,True,,,,Scopus(0.91); Bibliometrics(0.73); Higher education(0.66); Database(0.36); Computer science(0.35); Information retrieval(0.35),,W4404200224,crossref+openalex
086,2026,Lyu,C,10.31893/multirev.2026080,Educational review of preschool teacher music curriculum at Southwest University,Peng Lyu | Peerapong Sensai | Khomkrich Karin,3,Multidisciplinary Reviews,"2595-3982,2595-3982",Malque Publishing,journal-article,9,2,2026080,2025-8-8,0,0,30,True,,TH,Mahasarakham University,Curriculum(0.76); Formative assessment(0.63); Preparedness(0.62); Pedagogy(0.60); Context (archaeology)(0.55); Music education(0.47),,W4414769200,crossref+openalex
087,2025,DelPinoQuispe,C,10.51798/sijis.v6i3.1058,Effects of music on the treatment of attention deficit and hyperactivity disorder (ADHD) in children and adolescents: a systematic review of current evidence,Yashira Carolina Del Pino Quispe | Rosa Elvira Marmanillo Manga | Jenny Vaneza Graneros Tairo | Lizbeth Isabel Azucena Niño de Guzmán Sánchez | Rocío de Lis Peña Luna,5,Sapienza: International Journal of Interdisciplinary Studies,2675-9780,Sapienza: International Journal of Interdisciplinary Studies,journal-article,6,3,e25044,2025-7-14,0,0,0,True,https://creativecommons.org/licenses/by-nc-nd/4.0,PE,National University of Saint Anthony the Abbot in Cuzco; Universidad Andina del Cusco; Universidad César Vallejo,Attention deficit hyperactivity disorder(0.85); Psychology(0.61); Clinical psychology(0.44); Psychiatry(0.39); Developmental psychology(0.34),,W4412415761,crossref+openalex
088,2026,Zhang,B,10.1017/S0261444824000363,Embodied music training can help improve speech imitation and pronunciation skills,Yuan Zhang (Zhejiang University) | Florence Baills (University of Lleida) | Pilar Prieto (Universitat Pompeu Fabra),3,Language Teaching,"0261-4448,1475-3049",Cambridge University Press (CUP),journal-article,59,2,235-257,2024-12-18,7,7,107,True,http://creativecommons.org/licenses/by/4.0/,"CN,ES",Zhejiang University; Universitat de Lleida; Universitat Pompeu Fabra,Embodied cognition(0.90); Imitation(0.80); Pronunciation(0.64); Psychology(0.58); Training (meteorology)(0.47); Cognitive psychology(0.37),"Ministerio de Ciencia, Innovación y Universidades; Ministerio de Ciencia e Innovación; Generalitat de Catalunya",W4405554520,crossref+openalex
089,2026,Christensen,D,10.1007/s41809-026-00206-z,Enculturation modulates aesthetic judgments of dance,Julia F. Christensen | Shahrzad Khorsandi | Fredrik Ullén | Emily S. Cross | Klaus Frieler | Meghedi Vartanian | Melanie Wald-Fuhrmann,7,Journal of Cultural Cognitive Science,"2520-100X,2520-1018",Springer Science and Business Media LLC,journal-article,10,2,267-285,2026-6-11,0,0,61,True,https://creativecommons.org/licenses/by/4.0,"CH,DE",Max Planck Institute for Empirical Aesthetics; ETH Zurich; Max Planck Institute for Human Cognitive and Brain Sciences; Leipzig University,Enculturation(0.97); Dance(0.81); Psychology(0.57); Aesthetics(0.49); Categorical variable(0.44); Empirical research(0.39),Max-Planck-Gesellschaft; Friedrich Naumann Stiftung; Deutsche Forschungsgemeinschaft; Max Planck Institute for Empirical Aesthetics,W7164391577,crossref+openalex
090,2024,Botella,C,10.35699/2317-6377.2024.48283,Paisajes sonoros en extinción,Ana María Botella Nicolás | Pablo Ramos Ramos,2,Per Musi,"2317-6377,1517-7599",Universidade Federal de Minas Gerais - Pro-Reitoria de Pesquisa,journal-article,25,,1-15,2024-3-25,1,1,44,True,http://creativecommons.org/licenses/by/4.0,ES,Universitat de València; Universitat Ramon Llull,Humanities(0.80); Cartography(0.54); Art(0.44); Geography(0.43),,W4400284760,crossref+openalex
091,2026,Torres,D,10.7717/peerj.21581,"Energetics, kinematics, and physiologic aspects of tango walking in the leader role","Carol Torres (Departamento de Educación Física y Deporte, Instituto Superior de Educación Física, Universidad de la República, Montevideo, Montevideo, Uruguay) | Alberto E. Minetti (Laboratory of Locomotion Physiomechanics, Department of Pathophysiology and Transplantation, University of Milan, Milan, Lombardy, Italy) | Carlo M. Biancardi (LIBiAM, Department of Biological Sciences, CENUR Litoral Norte–Universidad de la República, Paysandú, Paysandú Department, Uruguay) | Gabriel Fábrica (Unidad Académica de Biofísica, Facultad de Medicina, Universidad de la República, Montevideo,  Montevideo, Uruguay; Department of Sports Sciences and Physical Conditioning, Education Faculty, Universidad Católica de la Santísima Concepción, Concepción, Bio Bio, Chile)",4,PeerJ,2167-8359,PeerJ,journal-article,14,,e21581,2026-8-6,0,0,51,True,https://creativecommons.org/licenses/by/4.0/,"CL,ES,IT,UY",Universidad de la República de Uruguay; Ministerio de Educación y Cultura; Departamento de Educación; University of Milan; Wikimedia Uruguay; Universidad Católica de la Santísima Concepción; Universidad de Montevideo,Kinematics(0.76); Power walking(0.72); Gait(0.71); Metabolic cost(0.65); Physical medicine and rehabilitation(0.63); Statistical parametric mapping(0.61),,W7196965371,crossref+openalex
092,2026,DelBarrio,B,10.5216/mh.v26.85467,Epigénesis de la educación musical en la era de la Inteligencia Artificial,Luis Del Barrio Aranda | Rubén Carrillo Méndez | Patricia A. González Moreno,3,Música Hodie,"1676-3939,2317-6776",Universidade Federal de Goias,journal-article,26,,,2026-6-7,1,1,0,True,,"ES,MX",Universidad de Zaragoza; Autonomous University of Chihuahua,Humanities(0.74); Art(0.35); Philosophy(0.33); Musical(0.29); Sociology(0.23); Psychology(0.20),,W7164854962,crossref+openalex
095,2025,Arostegui,D,10.22176/act24.4.90,Ethical Implications of Editing an Academic Journal: Lessons from Revista Internacional de Educación Musical,José Luis Aróstegui,1,Action Criticism and Theory for Music Education,"1545-4517,1545-4517",MayDay Group,journal-article,24,4,90,2025-7-1,0,0,0,True,,,,Publishing(0.71); Sociology(0.58); Musical(0.52); Engineering ethics(0.49); Diversity (politics)(0.44); Ethical issues(0.38),,W7143393191,crossref+openalex
096,2026,Zhang,B,10.4018/IJICTE.407363,Exploring the Role of Digital Traditional Music Platforms in Cross-Cultural Music Pedagogy,"Qian Zhang (School of Art and Design, Huaqing College, Xi'an University of Architecture and Technology, China)",1,International Journal of Information and Communication Technology Education,"1550-1876,1550-1337",IGI Global Scientific Publishing,journal-article,22,1,1-20,2026-4-14,0,0,29,True,http://creativecommons.org/licenses/by/3.0/deed.en_US,CN,Xi'an University of Architecture and Technology,Personalization(0.66); Empathy(0.55); Cultural intelligence(0.48); Psychology(0.45); Empirical research(0.42); Cognition(0.41),,W7154231697,crossref+openalex
097,2026,Fragkou,C,,,,,,,,,,,,,,,,,,,,,,,sin_doi
098,2026,Mao,B,10.3390/info17080783,From Retrieval to Faithful Memory Use: Context-Grounded Evidence Chains for Music Education Agents,"Jing Mao (School of Humanities and Arts, Hunan Institute of Traffic Engineering, Hengyang 421009, China) | Yuwen Chen (School of Humanities and Arts, Hunan Institute of Traffic Engineering, Hengyang 421009, China) | Wei Wan (School of Humanities and Arts, Hunan Institute of Traffic Engineering, Hengyang 421009, China) | Kun Liu (School of Humanities and Arts, Hunan Institute of Traffic Engineering, Hengyang 421009, China) | Rui-Feng Wang (Department of Crop and Soil Sciences, College of Agriculture and Environmental Sciences, University of Georgia, Tifton, GA 31793, USA)",5,Information,2078-2489,MDPI AG,journal-article,17,8,783,2026-8-15,0,0,41,True,https://creativecommons.org/licenses/by/4.0/,"CN,US",Hunan Institute of Technology; University of Georgia,Computer science(0.75); Counterfactual thinking(0.55); Artificial intelligence(0.51); Memory model(0.46); Reuse(0.42); Set (abstract data type)(0.38),Hunan Provincial Education Science Planning Project; 2025 General Teaching Reform Project of Ordinary Undergraduate Universities in Hunan Province,W7203615966,crossref+openalex
100,2021,Uskov,C,10.1007/978-981-16-2834-4,Smart Education and e-Learning 2021,,0,"Smart Innovation, Systems and Technologies","2190-3018,2190-3026",Springer Singapore,book,,,,2021,5,15,0,False,https://www.springer.com/tdm,"AU,RO,US",Bradley University; Aurel Vlaicu University of Arad; University of Technology Sydney,E learning(0.60); Computer science(0.41); Mathematics education(0.41); Psychology(0.27); Educational technology(0.11),,W4212802661,crossref+openalex
101,2026,Tang,B,10.6977/IJoSI.202608_10(4).0001,,,,,,,,,,,,,,,,,,,,,,crossref+openalex
102,2025,AlvarezAriza,C,10.1109/ACCESS.2025.3541424,Generative AI in Engineering and Computing Education: A Scoping Review of Empirical Studies and Educational Practices,"Jonathan Álvarez Ariza (Department of Technology in Electronics, Engineering Faculty, Corporaci&#x00F3;n Universitaria Minuto de Dios-UNIMINUTO, Bogot&#x00E1;, Colombia) | Milena Benitez Restrepo (Engineering Faculty, Universidad de Los Andes, Bogot&#x00E1;, Colombia) | Carola Hernández Hernández (Engineering Faculty, Universidad de Los Andes, Bogot&#x00E1;, Colombia)",3,IEEE Access,2169-3536,Institute of Electrical and Electronics Engineers (IEEE),journal-article,13,,30789-30810,2025,51,47,87,True,https://creativecommons.org/licenses/by/4.0/legalcode,CO,Corporación Universitaria Minuto de Dios; Universidad de Los Andes,Generative grammar(0.68); Computer science(0.67); Engineering education(0.47); Data science(0.47); Knowledge management(0.43); Empirical research(0.43),Engineering Information Foundation; Vice Presidency of Research and Creation’s Publication Fund at Universidad de Los Andes,W4407449455,crossref+openalex
103,2025,Masoud,D,10.69526/bir.v3i4.356,Global Trends and Challenges in Teacher Training: A Bibliometric Analysis (2019–2024),Mohieddin Masoud | Abdulnasir Alsayd | Majdy Kasheem,3,Bulletin of Islamic Research,3031-4526,Yayasan Pendidikan Tafsir Hadis,journal-article,3,4,705-732,2025-6-8,1,1,0,True,https://creativecommons.org/licenses/by/4.0,LY,Al Zawiya University,Thematic analysis(0.59); Training (meteorology)(0.58); Adaptability(0.57); Teacher education(0.49); Scopus(0.44); Professional development(0.43),,W4411297975,crossref+openalex
104,2026,Kostrzewa,C,10.3390/app16052195,How Far Can a U-Net Go? An Empirical Analysis of Music Source Separation Performance,"Daniel Kostrzewa (Department of Applied Informatics, Silesian University of Technology, 44-100 Gliwice, Poland) | Mikolaj Kondziolka (Department of Applied Informatics, Silesian University of Technology, 44-100 Gliwice, Poland) | Robert Brzeski (Department of Applied Informatics, Silesian University of Technology, 44-100 Gliwice, Poland) | Jeremiah Abimbola (Department of Applied Informatics, Silesian University of Technology, 44-100 Gliwice, Poland) | Pawel Benecki (Department of Applied Informatics, Silesian University of Technology, 44-100 Gliwice, Poland)",5,Applied Sciences,2076-3417,MDPI AG,journal-article,16,5,2195,2026-2-25,1,0,42,True,https://creativecommons.org/licenses/by/4.0/,PL,Silesian University of Technology,Computer science(0.75); Source separation(0.74); Spectrogram(0.71); Artificial intelligence(0.50); Speech recognition(0.49); Normalization (sociology)(0.48),"statutory research funds of Department of Applied Informatics, Silesian University of Technology, Gliwice, Poland; statutory research funds of Department of Applied Informatics, Silesian University of Technology, Gliwice, Poland",W7131354888,crossref+openalex
105,2026,Califano,B,10.3390/app16115224,Human Digital Biomechanical Twin-Driven Ergonomic Optimization of Bass-Guitar Support Systems: Predictive Design and Experimental Validation,"Rosaria Califano (Department of Industrial Engineering, University of Salerno, 84084 Salerno, Italy) | Luigi Riva (Department of Industrial Engineering, University of Salerno, 84084 Salerno, Italy) | Armando Russo (Department of Industrial Engineering, University of Salerno, 84084 Salerno, Italy) | Gessica Campanile (Department of Industrial Engineering, University of Salerno, 84084 Salerno, Italy) | Giovanni Meglio (LASIT S.p.A., Torre Annunziata, 80058 Naples, Italy) | Michele Guacci (Department of Industrial Engineering, University of Salerno, 84084 Salerno, Italy) | Nicola Laiola (Officine di Matteo SRL, Somma Vesuviana, 80049 Naples, Italy) | Alessandro Naddeo (Department of Industrial Engineering, University of Salerno, 84084 Salerno, Italy)",8,Applied Sciences,2076-3417,MDPI AG,journal-article,16,11,5224,2026-5-22,1,1,25,True,https://creativecommons.org/licenses/by/4.0/,IT,University of Salerno; Ospedale SS. Annunziata; University of Pavia,Motion capture(0.58); Physical medicine and rehabilitation(0.48); Simulation(0.44); Human factors and ergonomics(0.39); Biomechanics(0.36); Physical therapy(0.36),,W7162124950,crossref+openalex
106,2026,Zhang,B,10.1038/s41598-026-46822-1,ICT training with wearable devices to enhance emotional communication and musicality in vocal education,Zhang Ling,1,Scientific Reports,2045-2322,Springer Science and Business Media LLC,journal-article,16,1,,2026-4-1,0,0,64,True,https://creativecommons.org/licenses/by-nc-nd/4.0,CN,Huanggang Normal University,Musicality(0.85); Singing(0.79); Wearable computer(0.56); Wearable technology(0.56); Computer science(0.42); Training (meteorology)(0.40),,W7147603509,crossref+openalex
107,2025,AhmadRadzuan,C,10.15282/ijleal.v15i2.11943,Integrating Artificial Intelligence into Language Teaching Approaches: A Systematic Review of Flipped Classrooms,Farhana Atiqah Ahmad Radzuan | Marina Mohd Arif,2,International Journal of Language Education and Applied Linguistics,"2289-9294,2289-7208",Universiti Malaysia Pahang Al-Sultan Abdullah Press (UMPSA Press),journal-article,15,2,44-58,2025-9-29,0,0,0,True,https://creativecommons.org/licenses/by-nc/4.0/,MY,Universiti Teknologi MARA,Flipped learning(0.70); Flipped classroom(0.57); Blended learning(0.53); Artificial intelligence(0.51); Computer science(0.48); Applications of artificial intelligence(0.43),,W7090935820,crossref+openalex
108,2026,Wang,D,10.3390/ani16101475,Influence of Specific Acoustic Parameters on Responses in Growing Pigs: Towards a Precision Auditory Enrichment Strategy,"Zhijiang Wang (College of Information Science and Engineering, Shanxi Agricultural University, Taigu 030801, China) | Mengyao Yi (College of Information Science and Engineering, Shanxi Agricultural University, Taigu 030801, China) | Haoyuan Liu (College of Information Science and Engineering, Shanxi Agricultural University, Taigu 030801, China) | Zhouhao Zhang (College of Information Science and Engineering, Shanxi Agricultural University, Taigu 030801, China) | Haikang Li (College of Agricultural Engineering, Shanxi Agricultural University, Taigu 030801, China) | Guangying Hu (College of Animal Science, Shanxi Agricultural University, Taigu 030801, China) | Zhenyu Liu (College of Agricultural Engineering, Shanxi Agricultural University, Taigu 030801, China; Dryland Farm Machinery Key Technology and Equipment Key Laboratory of Shanxi Province, Taigu 030801, China)",7,Animals,2076-2615,MDPI AG,journal-article,16,10,1475,2026-5-11,0,0,45,True,https://creativecommons.org/licenses/by/4.0/,CN,Shanxi Agricultural University,Stimulus (psychology)(0.72); Speech recognition(0.50); Computer science(0.46); Audiology(0.46); Musical instrument(0.34); Psychology(0.31),China Scholarship Council; ; Shanxi Key Research and Development Program,W7160858879,crossref+openalex
109,2026,Wang,B,10.11591/ijere.v15i4.38319,Information and communication technology in higher music education: systematic review,Yangyang Wang | Aidah Abdul Karim | Intan Farahana Kamsin,3,International Journal of Evaluation and Research in Education (IJERE),"2620-5440,2252-8822",Institute of Advanced Engineering and Science,journal-article,15,4,3151,2026-8-1,0,0,0,True,http://creativecommons.org/licenses/by-nc/4.0,MY,National University of Malaysia,Information and Communications Technology(0.80); Thematic analysis(0.49); Knowledge management(0.48); Computer science(0.46); Resource (disambiguation)(0.40); Multimedia(0.37),,W7197008940,crossref+openalex
110,2026,Liu,B,10.1007/s44163-026-00975-0,Innovation of cross-cultural music teaching methods based on artificial intelligence,Feng Liu,1,Discover Artificial Intelligence,2731-0809,Springer Science and Business Media LLC,journal-article,6,1,,2026-3-23,0,0,25,True,https://creativecommons.org/licenses/by-nc-nd/4.0,KR,Dankook University,Computer science(0.53); Artificial intelligence(0.49); Teaching method(0.40); Music and artificial intelligence(0.33); Engineering(0.33); Mathematics education(0.33),,W7140024882,crossref+openalex
112,2026,Koca,C,10.3390/jintelligence14070146,"Instrumental Learning Approaches in Pre-Professional Music Students: Associations Among Motivation, Strategy and Practice","Şehriban Koca (Department of Musicology, Faculty of Music and Performing Arts, Mersin University, Mersin 33343, Türkiye) | Çağlanur Sakarya (Institute of Educational Sciences, Mersin University, Mersin 33343, Türkiye) | Atakan Kutlu (Institute of Educational Sciences, Mersin University, Mersin 33343, Türkiye) | Alican Gülle (Institute of Educational Sciences, Mersin University, Mersin 33343, Türkiye) | Kıvılcım Pekpak (Institute of Educational Sciences, Mersin University, Mersin 33343, Türkiye) | Aslıhan Ergin (Institute of Educational Sciences, Mersin University, Mersin 33343, Türkiye)",6,Journal of Intelligence,2079-3200,MDPI AG,journal-article,14,7,146,2026-7-11,0,0,45,True,https://creativecommons.org/licenses/by/4.0/,TR,Mersin Üniversitesi,Psychology(0.82); Confirmatory factor analysis(0.65); Structural equation modeling(0.63); Scale (ratio)(0.52); Variance (accounting)(0.47); Regression analysis(0.46),,W7168149248,crossref+openalex
113,2026,Fang,C,10.1007/s42979-026-04788-x,"Integrating Generative AI in Higher Art Education: A Systematic Review of Tools, Pedagogies, and Practices",Zhishu Fang,1,SN Computer Science,2661-8907,Springer Science and Business Media LLC,journal-article,7,2,,2026-2-16,4,4,50,False,https://www.springernature.com/gp/researchers/text-and-data-mining,CN,Wuhan Conservatory of Music,Software deployment(0.55); Framing (construction)(0.53); Generative grammar(0.52); Psychology(0.43); Engineering ethics(0.41); Systematic review(0.41),,W7128998331,crossref+openalex
114,2025,Peng,B,10.1504/IJICT.2025.10072178,Integrating computational intelligence in music teaching: a decision-making approach for personalised education,Chunfa Peng,1,International Journal of Information and Communication Technology,"1466-6642,1741-8070",Inderscience Publishers,journal-article,26,27,,2025,1,1,0,True,,,,Computer science(0.90); Artificial intelligence(0.39); Human–computer interaction(0.37); Data science(0.35),,W4411765215,crossref+openalex
115,2025,Rabbaniah,D,10.23917/mier.v3i1.7319,Bibliometric Analysis of The Development Map and Direction of Contemporary Learning Research in The Scopus Database 1976-2024,Qiyadah Robbaniyah | Aboubacar Barry | Jobeda Khanom,3,Multicultural Islamic Education Review,3025-8839,Universitas Muhammadiyah Surakarta,journal-article,3,1,36-52,2025-4-17,0,0,0,True,https://creativecommons.org/licenses/by/4.0,"BD,IL,SD",Advanced Inhalation Therapies (Israel); International University of Africa; University of Chittagong,Scopus(0.90); Database(0.49); Information retrieval(0.44); Computer science(0.35); Political science(0.19); MEDLINE(0.11),,W4409821043,crossref+openalex
116,2026,Gardiner,B,10.55776/AR590,,,0,,,Austrian Science Fund (FWF),grant,,,,,,,0,,,,,,,,crossref+openalex
117,2026,Zhao,B,10.70917/ijcisim-2026-0381,Modeling Multicultural Interaction in Silk Road Ethnomusicology Education Based on Deep Learning Framework,Xue Zhao | Dan Shen,2,International Journal of Computer Information Systems and Industrial Management Applications,"2150-7988,2150-7988","Cerebration Science Publishing Co., Limited",journal-article,18,,16,2026-1-24,0,0,0,True,https://creativecommons.org/licenses/by/4.0/,CN,Harbin University; Heilongjiang University,Ethnic group(0.71); Ethnomusicology(0.63); Multiculturalism(0.61); Sociology(0.49); Folk music(0.44); Music Geography(0.41),,W7131360552,crossref+openalex
118,2026,LopezCalatayud,A,10.5216/mh.v.26.82835,,,,,,,,,,,,,,,,,,,,,,crossref+openalex
121,2026,Iglesias,B,10.17227/rce.num100-21167,Efectos motivacionales de la realidad virtual en la educación musical: un estudio cuasiexperimental,Pedro Iglesias | Pablo Chávez,2,Revista Colombiana de Educación,"2323-0134,0120-3916",Universidad Pedagogica Nacional,journal-article,,100,e21167,2026-5-29,0,0,66,True,http://creativecommons.org/licenses/by-nc/4.0,,,Psychology(0.64); Humanities(0.60); Context (archaeology)(0.45); Social psychology(0.31); Cognition(0.30); Sociology(0.26),,W7162788014,crossref+openalex
123,2026,Yamada,A,10.3390/electronics15102005,Multimodal Automatic Music Transcription Using Piano Audio and Hand-Skeleton Information,"Kosuke Yamada (School of Computer Science and Engineering, The University of Aizu, Fukushima 965-8580, Japan) | Satoshi Nishimura (School of Computer Science and Engineering, The University of Aizu, Fukushima 965-8580, Japan) | Jungpil Shin (School of Computer Science and Engineering, The University of Aizu, Fukushima 965-8580, Japan)",3,Electronics,2079-9292,MDPI AG,journal-article,15,10,2005,2026-5-8,0,0,15,True,https://creativecommons.org/licenses/by/4.0/,JP,University of Aizu,Piano(0.74); Computer science(0.72); MIDI(0.68); Transcription (linguistics)(0.68); Robustness (evolution)(0.63); Speech recognition(0.59),,W7160852273,crossref+openalex
124,2026,Li,A,10.1038/s41598-026-44473-w,Multimodal generative adversarial networks for piano fingering correction and performance expressiveness modeling through audio-visual feature fusion,Junyu Li,1,Scientific Reports,2045-2322,Springer Science and Business Media LLC,journal-article,16,1,,2026-3-26,0,0,55,True,https://creativecommons.org/licenses/by-nc-nd/4.0,CN,Nanjing Xiaozhuang University,Computer science(0.85); Piano(0.69); Generative grammar(0.62); Latency (audio)(0.50); Feature (linguistics)(0.49); Artificial intelligence(0.48),,W7140459868,crossref+openalex
126,2026,Suwansomboon,B,10.59796/rmj.V21N2.2026.R0913,Music Learning Among Digital Native Learners in Thai Higher Education,Wathit Suwansomboon | Ampai Buranaprapuk,2,Rangsit Music Journal,3027-7094,Rangsit University,journal-article,21,2,,2026-8-14,0,0,15,True,https://creativecommons.org/licenses/by-nc-nd/4.0,TH,Mahidol University,Snowball sampling(0.66); Grounded theory(0.65); Higher education(0.62); Music education(0.59); Curriculum(0.56); Pedagogy(0.56),,W7203533446,crossref+openalex
127,2026,Wang,B,10.3390/bs16081456,Music Learning Self-Efficacy and Deliberate Music Practice: The Mediating Role of Achievement Goal Orientation and the Moderating Role of AI Literacy,"Shihan Wang (Faculty of Education, Northeast Normal University, 5268 Renmin Street, Changchun 130024, China) | Ziqiao Wang (Faculty of Education, Northeast Normal University, 5268 Renmin Street, Changchun 130024, China; School of Teacher Education, Yanbian University, 977 Gongyuan Road, Yanji 133002, China) | Baoqian Yang (Faculty of Education, Northeast Normal University, 5268 Renmin Street, Changchun 130024, China) | Lifang Tang (Faculty of Education, Northeast Normal University, 5268 Renmin Street, Changchun 130024, China)",4,Behavioral Sciences,2076-328X,MDPI AG,journal-article,16,8,1456,2026-8-21,0,0,52,True,https://creativecommons.org/licenses/by/4.0/,CN,Northeast Normal University; Yanbian University,Psychology(0.82); Music education(0.60); Association (psychology)(0.60); Goal orientation(0.53); Cognition(0.44); Social psychology(0.39),,W7203887405,crossref+openalex
128,2026,Ma,C,10.1038/s41598-026-50223-9,Music and body motion contribute asymmetrically to emotion perception in traditional Chinese plucked-instrument performance,Kaiyuan Ma | Biyun Zhang | Jun He,3,Scientific Reports,2045-2322,Springer Science and Business Media LLC,journal-article,16,1,,2026-5-23,0,0,83,True,https://creativecommons.org/licenses/by-nc-nd/4.0,CN,Shanghai Jiao Tong University; Shanghai Conservatory of Music,Percept(0.89); Embodied cognition(0.78); Perception(0.66); Motion (physics)(0.59); Valence (chemistry)(0.55); Cognitive psychology(0.53),,W7162200838,crossref+openalex
129,2026,Wang,A,10.1007/s44163-026-00832-0,Music teaching evaluation using multimodal deep reinforcement learning,Zhengzheng Wang,1,Discover Artificial Intelligence,2731-0809,Springer Science and Business Media LLC,journal-article,6,1,,2026-1-27,2,2,42,True,https://creativecommons.org/licenses/by-nc-nd/4.0,CN,Shaoxing University,Computer science(0.74); Reinforcement learning(0.64); Limiting(0.61); Transparency (behavior)(0.56); Benchmark (surveying)(0.50); Artificial intelligence(0.46),,W7125786115,crossref+openalex
131,2026,He,B,10.28991/HIJ-2026-07-02-011,Music-Driven Enhanced Dance Performance Generation by Integrating Seq2Seq and Human Pose Recognition,Wen He,1,HighTech and Innovation Journal,2723-9535,Ital Publication,journal-article,7,2,532-546,2026-6-1,0,0,0,True,,CN,Chengdu Sport University,Dance(0.74); Computer science(0.68); Artificial intelligence(0.56); Motion capture(0.52); Computer vision(0.48); Naturalness(0.46),,W7166583943,crossref+openalex
132,2026,Sonbua,C,10.11114/smc.v14i3.8384,Nostalgia-Driven Gamification as a Digital Media Strategy for Enhancing Exercise Engagement among Older Adults in an Aging Society,Sudarat Sonbua | Ratanachote Thienmongkol | Chatklaw Jareanpon,3,Studies in Media and Communication,"2325-808X,2325-8071",Redfame Publishing,journal-article,14,3,63,2026-3-16,0,0,0,True,,TH,Mahasarakham University,Digital media(0.62); Psychology(0.61); Usability(0.60); Motion capture(0.50); Applied psychology(0.47); Multimedia(0.46),,W7138302471,crossref+openalex
133,2026,CasesBerbel,B,10.23817/lingtreff.29-3,Kinderlieder in Translation: Funktionale Äquivalenz jenseits des Semantischen,,,DOAJ (DOAJ: Directory of Open Access Journals),,,,,,,,,0,0,False,,,,Gesture(0.85); German(0.70); Psychology(0.55); Linguistics(0.52); Early childhood(0.42); Cognition(0.41),,W7166845150,crossref+openalex
134,2025,Obi,C,,,,,,,,,,,,,,,,,,,,,,,sin_doi
136,2026,Liu,B,10.1038/s41598-026-54211-x,Optimization of attention mechanisms in choral conducting education using EEG and eye movement tracking with transfer learning algorithms,Peirong Liu,1,Scientific Reports,2045-2322,Springer Science and Business Media LLC,journal-article,16,1,,2026-5-27,0,0,70,True,https://creativecommons.org/licenses/by-nc-nd/4.0,CN,Huangshi Central Hospital,Computer science(0.74); Transfer of learning(0.65); Eye tracking(0.64); Tracking (education)(0.60); Eye movement(0.56); Artificial intelligence(0.54),,W7162504942,crossref+openalex
139,2026,He,B,10.1007/s44163-026-01235-x,Optimization of music teaching effects based on AI audio processing technology,Jinxu He,1,Discover Artificial Intelligence,2731-0809,Springer Science and Business Media LLC,journal-article,6,1,,2026-7-1,0,0,33,True,https://creativecommons.org/licenses/by-nc-nd/4.0,CN,Henan University of Technology,Process (computing)(0.20); Identification (biology)(0.19); Computer science(0.19); Product (mathematics)(0.19); Work (physics)(0.18); Context (archaeology)(0.17),,W7166849651,crossref+openalex
141,2026,Paredes-Ventura,C,10.29352/mill0230.41727,Impact of Artificial Intelligence on education: a systematic review of literature,,,Dialnet (Universidad de la Rioja),,,,,,,,,0,0,True,,PE,Private University of the North,Personalization(0.65); Systematic review(0.54); Standardization(0.48); Computer science(0.47); Process (computing)(0.45); Quality (philosophy)(0.43),,W7163178020,crossref+openalex
142,2026,Feng,D,10.1057/s41599-026-06537-0,"Piano accompaniment: exploring the role of information dynamics, communication practices and cultural influence",Yiran Feng,1,Humanities and Social Sciences Communications,2662-9992,Springer Science and Business Media LLC,journal-article,13,1,,2026-1-23,2,2,53,True,https://creativecommons.org/licenses/by-nc-nd/4.0,CN,Leshan Normal University,Piano(0.76); Psychology(0.58); Interpersonal communication(0.53); Music education(0.47); Mentorship(0.43); Musical(0.42),,W7125472363,crossref+openalex
144,2026,Chuluunsaikhan,A,10.1007/s11042-026-21667-y,Piano keyboard detection algorithm using deep learning,Tserenpurev Chuluunsaikhan | So-Hyun Park,2,Multimedia Tools and Applications,1573-7721,Springer Science and Business Media LLC,journal-article,85,5,,2026-5-8,0,0,37,False,https://www.springernature.com/gp/researchers/text-and-data-mining,KR,Chungbuk National University; Dongguk University,Piano(0.96); Computer science(0.87); Pixel(0.67); Artificial intelligence(0.59); Image (mathematics)(0.51); Computer vision(0.51),,W7160658623,crossref+openalex
145,2025,AhmadFauzi,C,10.14421/ijber.v2i2.11619,AI-Integrated Pedagogies in Primary Education: A Decade of Global Trends and Strategic Adaptation for Indonesia’s Curriculum Transformation,Wildan Nuril Ahmad Fauzi | Yuli Setiawati | Deni Puji Hartono | Moh Rosyid Mahmudi | Mulyo Prayitno,5,International Journal of Basic Educational Research,3047-0722,Al-Jamiah Research Centre,journal-article,2,2,57-70,2025-8-7,0,0,0,True,,ID,Yogyakarta State University; Sunan Kalijaga State Islamic University Yogyakarta; Universitas Palembang; Universitas PGRI Palembang; Universitas Dharmas Indonesia; Universitas Safin Pati,Adaptation (eye)(0.78); Curriculum(0.78); Transformation (genetics)(0.62); Pedagogy(0.37); Mathematics education(0.37); Political science(0.37),,W4413026042,crossref+openalex
146,2026,Zhang,B,10.30775/KMES.55.1.331,Research on Artificial Intelligence-Related Studies in Chinese Music Education: A Systematic Analysis Based on the Literature From 2017 to 2025, | Kailin Zhang,2,Korean Music Education Society,,Korean Music Education Society,journal-article,55,1,331-354,2026-2-28,0,0,0,True,,KR,Seoul National University,Computer science(0.42); Linguistics(0.37); Artificial intelligence(0.35); Psychology(0.31); Natural language processing(0.30); Feature (linguistics)(0.29),,W7138479002,crossref+openalex
147,2025,Li,B,10.70917/ijcisim-2025-0301,Research on the Innovative Inheritance Application of Artificial Intelligence Technology in Traditional Music Education and Strategies to Enhance the Aesthetic Experience,Ning Li,1,International Journal of Computer Information Systems and Industrial Management Applications,"2150-7988,2150-7988","Cerebration Science Publishing Co., Limited",journal-article,17,,15,2025-12-30,0,0,0,True,https://creativecommons.org/licenses/by/4.0/,CN,Zhengzhou Normal University,Inheritance (genetic algorithm)(0.81); Music and artificial intelligence(0.62); Melody(0.46); Music education(0.42); Pop music automation(0.42); Music technology(0.37),,W7128540422,crossref+openalex
148,2025,Liu,B,10.4018/IJDET.384398,Research on the “VR+” Music Education Model and Its Practice in the Context of the Internet,"Lin Liu (Xinxiang Vocational and Technical College, China)",1,International Journal of Distance Education Technologies,"1539-3100,1539-3119",IGI Global Scientific Publishing,journal-article,23,1,1-16,2025-7-9,0,0,22,True,http://creativecommons.org/licenses/by/3.0/deed.en_US,,,The Internet(0.73); Computer science(0.69); Context (archaeology)(0.68); Multimedia(0.51); Mathematics education(0.36); World Wide Web(0.32),,W4412348279,crossref+openalex
149,2026,Mao,C,10.1038/s44172-026-00653-0,Robust bionic distributed multimodal flexible sensor for extreme-condition sensing and intelligent operation,Baijin Mao | Yedong Huang | Yuyaocen Xiang | Wenbo Liu | Xunlong Shi | Xiang Qian | Juntian Qu,7,Communications Engineering,2731-3395,Springer Science and Business Media LLC,journal-article,5,1,,2026-4-2,0,0,52,True,https://creativecommons.org/licenses/by-nc-nd/4.0,CN,University Town of Shenzhen; Tsinghua University; Tsinghua–Berkeley Shenzhen Institute; Fujian Institute of Oceanography; Ocean University of China,Computer science(0.53); Artificial intelligence(0.38); Engineering(0.33); Feature (linguistics)(0.31); Computer vision(0.30); Robustness (evolution)(0.28),,W7148238641,crossref+openalex
151,2026,Abdullah,D,10.17576/JKMJC-2026-4202-26,Digital Intercultural Learning for Competence Development: A Comprehensive Structured Review,"Nor Hafizah Abdullah (Universiti Sultan Zainal Abidin, Malaysia) | Nazra Aliff Nazri Aliff Nazri (Universiti Sultan Zainal Abidin, Malaysia) | Norhidayu Hasan (Universiti Sultan Zainal Abidin, Malaysia) | Norhayati Che Hat (Universiti Sultan Zainal Abidin, Malaysia) | Faradillah Iqmar Omar (Universiti Islam Selangor, Malaysia)",5,Jurnal Komunikasi: Malaysian Journal of Communication,2289-1528,Penerbit Universiti Kebangsaan Malaysia (UKM Press),journal-article,42,2,473-493,2026-6-30,0,0,0,True,,MY,Sultan Zainal Abidin University; Selangor Islamic University,Intercultural competence(0.79); Experiential learning(0.63); Intercultural communication(0.61); Psychology(0.56); Competence (human resources)(0.51); Pedagogy(0.47),,W7169853778,crossref+openalex
152,2026,Yang,A,10.1038/s41598-026-45945-9,Self-supervised multimodal transformer for fine-grained detection of controlled perturbation events in piano performance,Kun Yang | Jitao Chen,2,Scientific Reports,2045-2322,Springer Science and Business Media LLC,journal-article,16,1,,2026-6-8,0,0,46,True,https://creativecommons.org/licenses/by-nc-nd/4.0,CN,Guangxi Normal University for Nationalities,Piano(0.72); Computer science(0.67); Transformer(0.62); Perturbation (astronomy)(0.58); Speech recognition(0.43); Control theory (sociology)(0.41),Guangxi Minzu Normal University; Guangxi Minzu Normal University,W7163812425,crossref+openalex
153,2025,Samma,C,10.1371/journal.pone.0321442,Sight-over-sound effect depends on interaction between evaluators’ musical experience and auditory-visual integration: An examination using Japanese brass band competition recordings,Tomohiro Samma | Kazuaki Honda | Shinya Fujii,3,PLOS One,1932-6203,Public Library of Science (PLoS),journal-article,20,4,e0321442,2025-4-29,4,4,81,True,http://creativecommons.org/licenses/by/4.0/,JP,Keio University Shonan Fujisawa,Musical(0.67); Sight(0.67); Sound (geography)(0.54); Psychology(0.53); Brass(0.52); Audiology(0.44),Taikichiro Mori Memorial Research Grants; Japan Science and Technology Corporation; Japan Society for the Promotion of Science; Japan Society for the Promotion of Science; Keio University Academic Development Funds; Toyama Memorial Music Research Foundation,W4409908824,crossref+openalex
154,2025,Sinergie,D,,Tertiarization & sustainability new challenges for management in the digital era,,,Sinergie Italian Journal of Management,,,,,,,,,4,0,True,,,,Sustainability(0.76); Business(0.42); Environmental resource management(0.35); Environmental planning(0.33); Environmental science(0.22); Biology(0.08),,W4412648599,openalex(title)
155,2025,Martins,D,10.1002/sd.3374,The Role of Hybrid Learning in Achieving the Sustainable Development Goals,"Flavio Martins (Bartlett School of Sustainable Construction University College London  London UK; Laboratory of Environmental and Experimental Pathology LIM05—Hospital das Clinicas HCFMUSP Faculdade de Medicina Universidade de Sao Paulo  Sao Paulo Brazil) | Luciana Oranges Cezarino (Ca'Foscari University of Venice  Venice Italy) | Geiser Chalco Challco (Center of Excellence in Social Technologies (NEES) Federal University of Alagoas (UFAL)  Maceió Brazil) | Lara Liboni (Ivey Business School Western University  London Canada) | Diego Dermeval (Center of Excellence in Social Technologies (NEES) Federal University of Alagoas (UFAL)  Maceió Brazil) | Ibsen Bittencourt (Center of Excellence in Social Technologies (NEES) Federal University of Alagoas (UFAL)  Maceió Brazil) | Ranilson Paiva (Center of Excellence in Social Technologies (NEES) Federal University of Alagoas (UFAL)  Maceió Brazil) | Alan da Silva (Center of Excellence in Social Technologies (NEES) Federal University of Alagoas (UFAL)  Maceió Brazil) | Leonardo Marques (Center of Excellence in Social Technologies (NEES) Federal University of Alagoas (UFAL)  Maceió Brazil) | Seiji Isotani (Center of Excellence in Social Technologies (NEES) University of São Paulo  São Paulo Brazil) | Ig Ibert Bittencourt (Harvard Graduate School of Education (HGSE), Center of Excellence in Social Technologies (NEES) Federal University of Alagoas (UFAL)  Maceió Brazil)",11,Sustainable Development,"0968-0802,1099-1719",Wiley,journal-article,33,4,4792-4809,2025-2-7,6,5,105,True,http://creativecommons.org/licenses/by-nc/4.0/,"BR,CA,GB,IT",Hospital das Clínicas da Faculdade de Medicina da Universidade de São Paulo; University College London; Ca' Foscari University of Venice; Universidade Federal de Alagoas; Western University; Ivey Business School; Universidade de São Paulo,Workforce development(0.53); Equity (law)(0.53); Sustainable development(0.52); Promotion (chess)(0.52); Knowledge management(0.48); Hybrid learning(0.42),,W4407255863,crossref+openalex
156,2026,Koca,B,10.3390/su18073640,Sustainable Digital Transformation in Music Education: An Analysis of Teacher Competencies in the Light of TPACK and International Frameworks,"Şehriban Koca (Department of Musicology, Faculty of Music and Performing Arts, Mersin University, Mersin 33110, Türkiye) | Atakan Kutlu (Development Foundation Private Mersin Schools, Middle East Technical University, Mersin 33250, Türkiye) | Hazan Kurtaslan (Department of Music, Faculty of Fine Arts, Akdeniz University, Antalya 07030, Türkiye) | Ümran Ezgi Güleken (Department of Music, Faculty of Fine Arts, Erciyes University, Kayseri 38040, Türkiye) | Ahmet Can Çakal (Department of Music, Faculty of Architecture, Design and Fine Arts, Osmaniye Korkut Ata University, Osmaniye 80000, Türkiye)",5,Sustainability,2071-1050,MDPI AG,journal-article,18,7,3640,2026-4-7,0,0,37,True,https://creativecommons.org/licenses/by/4.0/,TR,Mersin Üniversitesi; Akdeniz University; Erciyes University; Osmaniye Korkut Ata University,Digital literacy(0.70); Digital transformation(0.65); Scope (computer science)(0.57); Meaning (existential)(0.56); Sustainability(0.54); Digital audio(0.46),,W7151868998,crossref+openalex
157,2026,Zhuang,B,10.1038/s41598-026-45673-0,Teaching activity design and psychological practice of music majors under a convolutional neural network and transformer module,Tingting Zhuang | Xiaohua Wang | Dongyun Chang,3,Scientific Reports,2045-2322,Springer Science and Business Media LLC,journal-article,16,1,,2026-3-22,1,1,47,True,https://creativecommons.org/licenses/by-nc-nd/4.0,CN,Qinghai Normal University,Transformer(0.76); Computer science(0.72); Convolutional neural network(0.58); Artificial neural network(0.41); Artificial intelligence(0.40); Human–computer interaction(0.36),,W7140025974,crossref+openalex
159,2024,Bosman,C,10.1080/0144929X.2022.2158371,The effect of audio on the experience in virtual reality: a scoping review,"Isak de Villiers Bosman (Virtual Reality and Interaction Lab, Department of Information Science, University of Pretoria, Pretoria, South Africa; Gamification Group, Faculty of Technology and Communication Sciences, Tampere University, Tampere, Finland) | Oğuz ‘Oz’ Buruk (Gamification Group, Faculty of Technology and Communication Sciences, Tampere University, Tampere, Finland) | Kristine Jørgensen (Department of Information Science and Media Studies, University of Bergen, Bergen, Norway) | Juho Hamari (Gamification Group, Faculty of Technology and Communication Sciences, Tampere University, Tampere, Finland)",4,Behaviour &amp; Information Technology,"0144-929X,1362-3001",Informa UK Limited,journal-article,43,1,165-199,2023-1-2,81,83,237,True,http://creativecommons.org/licenses/by-nc-nd/4.0/,"FI,NO,ZA",Tampere University; University of Pretoria; University of Bergen,Virtual reality(0.72); Variety (cybernetics)(0.68); Human–computer interaction(0.56); Computer science(0.52); Context (archaeology)(0.51); Multimedia(0.47),,W4313405549,crossref+openalex
160,2024,Pianda,D,10.1080/23311975.2024.2386465,The impact of internship experience on the employability of vocational students: a bibliometric and systematic review,"Didi Pianda (Department of Management Science, Faculty of Economic and Business, Universitas Padjadjaran, West Java, Indonesia) | Hilmiana Hilmiana (Department of Management Science, Faculty of Economic and Business, Universitas Padjadjaran, West Java, Indonesia) | Sunu Widianto (Department of Management Science, Faculty of Economic and Business, Universitas Padjadjaran, West Java, Indonesia) | Dina Sartika (Department of Management Science, Faculty of Economic and Business, Universitas Padjadjaran, West Java, Indonesia)",4,Cogent Business &amp; Management,2331-1975,Informa UK Limited,journal-article,11,1,,2024-8-10,33,32,138,True,http://creativecommons.org/licenses/by/4.0/,ID,Padjadjaran University,Employability(0.90); Internship(0.90); Vocational education(0.69); Systematic review(0.56); Psychology(0.47); Medical education(0.46),,W4401482805,crossref+openalex
161,2024,Barroso-Osuna,B,10.6018/red.602301,El impacto de las apps móviles y la carga del trabajo en la Educación Musical universitaria: un estudio experimental,Julio Barroso-Osuna | Antonio León-Garrido | Carmen Llorente-Cejudo | Julio Ruiz-Palmero,4,Revista de Educación a Distancia (RED),1578-7680,Servicio de Publicaciones de la Universidad de Murcia,journal-article,24,80,,2024-7-30,0,2,0,True,http://creativecommons.org/licenses/by-nc/4.0,ES,Universidad de Sevilla; Universidad de Málaga,Humanities(0.74); Art(0.40),,W4401516499,crossref+openalex
162,2026,Raimbergenov,C,10.5216/mh.v26.84759,The study of musical art as a factor in the preservation and development of cultural heritage,Abdulkhamit Raimbergenov | Yerkin Zhanaikhan | Dinara Zhanaikhan | Artur Povalyashko | Dmitriy Kovalev,5,Música Hodie,"1676-3939,2317-6776",Universidade Federal de Goias,journal-article,26,,,2026-5-30,0,0,0,True,,KZ,Kurmangazy Kazakh National Conservatory; Astana Medical University; T.K. Zhurgenov Kazakh National Academy of Arts,Cultural heritage(0.55); Inclusion (mineral)(0.54); Curriculum(0.53); Music education(0.52); Musical(0.51); Safeguarding(0.46),,W7164833646,crossref+openalex
164,2026,Tang,A,10.1007/s10791-026-10022-2,The application of deep reinforcement learning in music teaching interaction,Xiaoqing Tang,1,Discover Computing,2948-2992,Springer Science and Business Media LLC,journal-article,29,1,,2026-3-5,1,1,30,True,https://creativecommons.org/licenses/by-nc-nd/4.0,CN,Sichuan Conservatory of Music,Computer science(0.45); Reinforcement learning(0.41); Psychology(0.39); Reinforcement(0.37); Artificial intelligence(0.36); Human–computer interaction(0.35),,W7133595965,crossref+openalex
166,2026,Li,B,10.1007/s44163-026-01122-5,The multi-dimensional performance intelligent evaluation and feedback system for music education,Minhui Li,1,Discover Artificial Intelligence,2731-0809,Springer Science and Business Media LLC,journal-article,6,1,,2026-3-22,1,2,17,True,https://creativecommons.org/licenses/by-nc-nd/4.0,CN,Jiangsu Police Officer College,Computer science(0.72); Workflow(0.62); Key (lock)(0.54); Consistency (knowledge bases)(0.54); Human–computer interaction(0.45); Multimedia(0.43),Jiangsu Maritime Institute Doctoral Research Startup Project,W7140046276,crossref+openalex
168,2026,Su,B,10.1038/s41598-025-30288-8,The optimization of vocal music teaching by integrating the STEAM concept with the intelligent recommendation system,Fanbo Su | Qianping Guo,2,Scientific Reports,2045-2322,Springer Science and Business Media LLC,journal-article,16,1,,2025-12-1,1,1,45,True,https://creativecommons.org/licenses/by-nc-nd/4.0,CN,Chongqing University of Science and Technology; Chongqing University of Technology; Chongqing Normal University,Computer science(0.86); Recommender system(0.65); Artificial intelligence(0.55); Personalization(0.53); Machine learning(0.46); Deep learning(0.45),,W4416839311,crossref+openalex
170,2025,Varjosalo,C,10.1109/ACCESS.2025.3598952,The Role of VR in Education: A Two-Phase Review of Umbrella Reviews and Recent Primary Studies,"Jeri Varjosalo (Faculty of Education and Psychology, University of Jyv&#x00E4;skyl&#x00E4;, Jyv&#x00E4;skyl&#x00E4;, Finland) | Paavo Räty (Faculty of Education and Psychology, University of Jyv&#x00E4;skyl&#x00E4;, Jyv&#x00E4;skyl&#x00E4;, Finland) | Ville Heilala (Faculty of Education and Psychology, University of Jyv&#x00E4;skyl&#x00E4;, Jyv&#x00E4;skyl&#x00E4;, Finland) | Raija Hämäläinen (Faculty of Education and Psychology, University of Jyv&#x00E4;skyl&#x00E4;, Jyv&#x00E4;skyl&#x00E4;, Finland) | Tommi Kärkkäinen (Faculty of Information Technology, University of Jyv&#x00E4;skyl&#x00E4;, Jyv&#x00E4;skyl&#x00E4;, Finland)",5,IEEE Access,2169-3536,Institute of Electrical and Electronics Engineers (IEEE),journal-article,13,,145938-145952,2025,2,2,83,True,https://creativecommons.org/licenses/by/4.0/legalcode,"FI,US",Xylem (United States); University of Jyväskylä,Computer science(0.56); Virtual reality(0.50); Human–computer interaction(0.47); Phase (matter)(0.42); Physics(0.16); Quantum mechanics(0.00),"European Regional Development Fund (ERDF) through “The Systematic Creation and Strengthening Of Measures For Research, Development, and Innovation”; Research Council of Finland",W4413468527,crossref+openalex
171,2026,Li,B,10.1504/IJICT.2026.10075950,Transfer learning-based adaptive music teaching system for modulating students emotions,Mu Li,1,International Journal of Information and Communication Technology,"1466-6642,1741-8070",Inderscience Publishers,journal-article,27,6,,2026,0,0,0,True,,,,Computer science(0.80); Information and Communications Technology(0.47); Multimedia(0.44); Knowledge management(0.39); Human–computer interaction(0.34); Technology transfer(0.34),,W7125975522,crossref+openalex
172,2025,AbdRazak,D,10.55057/ijbtm.2025.7.11.56,Transfer of Training Trends and Future Research Direction: Insight from Bibliometric Analysis,,0,International Journal of Business and Technology Management,2682-7646,Asian Scholars Network,journal-article,,,,2025-12-15,0,0,0,False,,,,Transfer of training(0.59); Transfer of learning(0.56); Training (meteorology)(0.55); Psychological intervention(0.53); Thematic analysis(0.51); Knowledge management(0.51),,W7115064564,crossref+openalex
173,2026,Wang,B,10.18488/61.v14i1.4688,Utilization of music technology in secondary education in China: An in-depth study of Shandong Province,Beining Wang | Wen Fen Beh | Kenny S.L Cheah,3,International Journal of Education and Practice,"2310-3868,2311-6897",Conscientia Beam,journal-article,14,1,141-151,2026-1-9,0,0,0,True,,MY,University of Malaya,Music education(0.66); Inclusion (mineral)(0.55); Resource (disambiguation)(0.53); Pedagogy(0.45); Music technology(0.45); Psychology(0.41),,W7124242924,crossref+openalex
175,2023,Filodiritto,D,10.26352/HY09_2384-9509,Language teachers’ training courses. The need for practical strategies and resources in the light of today’s evolving educational landscape,,,ENLIGHTEN (Jurnal Bimbingan dan Konseling Islam),,,,,,,,,0,0,True,,,,Vocabulary(0.85); Grammar(0.79); Class (philosophy)(0.74); Formative assessment(0.64); Computer science(0.50); Linguistics(0.46),,W6927612497,crossref+openalex
176,2026,IJLTER,D,,,,,,,,,,,,,,,,,,,,,,,sin_doi
177,2025,Ma,B,10.25159/1947-9417/20479,Whose Intelligence? Whose Music? Critical Reflections on AI in Music Education,Jincheng Ma | Qiang Wan,2,Education as Change,1947-9417,UNISA Press,journal-article,29,,,2025-10-30,0,0,10,True,http://creativecommons.org/licenses/by-sa/4.0,KR,Daegu Catholic University; Hanseo University,Transformative learning(0.77); Cognitive reframing(0.66); Privilege (computing)(0.65); Sociology(0.64); Epistemology(0.59); Technocracy(0.59),,W4415697270,crossref+openalex
178,2025,AbdMajid,D,10.1177/21582440251325077,Technological Empowerment in Education: A Systematic Review,"Mohamad Zuber Abd Majid (Universiti Kebangsaan Malaysia, Bangi, Selangor, Malaysia) | Muhammad Helmi Norman (Universiti Kebangsaan Malaysia, Bangi, Selangor, Malaysia) | Mohammad Hafiz Zaini (Universiti Kebangsaan Malaysia, Bangi, Selangor, Malaysia) | Hutkemri Zulnaidi (Universiti Malaya, Kuala Lumpur, Malaysia) | Mohd Khalid Mohamad Nasir (Universiti Kebangsaan Malaysia, Bangi, Selangor, Malaysia)",5,Sage Open,"2158-2440,2158-2440",SAGE Publications,journal-article,15,1,,2025-1,7,8,42,True,https://creativecommons.org/licenses/by/4.0/,MY,National University of Malaysia; University of Malaya,Empowerment(0.54); Systematic review(0.44); Sociology(0.40); Psychology(0.38); Pedagogy(0.36); Mathematics education(0.33),Universiti Kebangsaan Malaysia,W4408676165,crossref+openalex
179,2024,Vargas,C,,,,,,,,,,,,,,,,,,,,,,,sin_doi
180,2026,Liu,B,10.21203/rs.3.rs-8998934/v1,"A Systematic Review of Artificial Intelligence in Piano Education: Efficacy,Ethics, and the Transformation of the Teacher's Role (2020–2025)",LIU CHANG (Handan College),1,Research Square,,Springer Science and Business Media LLC,posted-content,,,,2026-3-8,0,0,154,True,https://creativecommons.org/licenses/by/4.0/,CN,Handan College,Piano(0.85); Psychology(0.55); Empirical research(0.44); Musical(0.41); Apprenticeship(0.38); Cognitive psychology(0.38),,W7134195709,crossref+openalex
181,2024,Deroncele-Acosta,C,10.1177/21582440241272016,Ten Essential Pillars in Artificial Intelligence for University Science Education: A Scoping Review,"Angel Deroncele-Acosta (Universidad San Ignacio de Loyola, Lima, Peru) | Omar Bellido-Valdiviezo (Universidad San Ignacio de Loyola, Lima, Peru) | María de los Ángeles Sánchez-Trujillo (Universidad San Ignacio de Loyola, Lima, Peru) | Madeleine Lourdes Palacios-Núñez (Universidad San Ignacio de Loyola, Lima, Peru) | Hernán Rueda-Garcés (Universidad San Ignacio de Loyola, Lima, Peru) | José Gregorio Brito-Garcías (Universidad San Ignacio de Loyola, Lima, Peru)",6,Sage Open,"2158-2440,2158-2440",SAGE Publications,journal-article,14,3,,2024-7,12,14,125,True,https://creativecommons.org/licenses/by/4.0/,PE,Universidad San Ignacio de Loyola,Engineering ethics(0.43); Psychology(0.40); Mathematics education(0.33); Engineering(0.31),,W4401641462,crossref+openalex
182,2026,Dong,C,10.1177/21582440261425921,Mapping Research on Music Education Faculty Structure in Higher Education (1980–2025): A Bibliometric Analysis,"Shujia Dong (Mahasarakham University, Kantharawichai, Maha Sarakham, Thailand) | Sayam Chuangprakhon (Mahasarakham University, Kantharawichai, Maha Sarakham, Thailand) | Qianqian Liu (Mahasarakham University, Kantharawichai, Maha Sarakham, Thailand) | Wang Guangguo (Yancheng Teachers University, Jiangsu, China)",4,Sage Open,"2158-2440,2158-2440",SAGE Publications,journal-article,16,1,,2026-1,1,1,83,True,https://creativecommons.org/licenses/by-nc/4.0/,"CN,TH",Mahasarakham University; Yancheng Teachers University,Higher education(0.77); Sociology(0.57); Restructuring(0.55); Thematic analysis(0.55); Music education(0.51); Scopus(0.43),Mahasarakham University,W7130647134,crossref+openalex
183,2024,Hamash,C,10.3390/educsci14040365,Breaking through Barriers: A Systematic Review of Extended Reality in Education for the Visually Impaired,"Mahmoud Hamash (Institute of Education, School of STEM Education, Innovation and Global Studies, Dublin City University, D09 YT18 Dublin, Ireland) | Hanan Ghreir (School of Educational Studies, Universiti Sains Malaysia, Pulau Pinang 11800, Malaysia) | Peter Tiernan (Institute of Education, School of STEM Education, Innovation and Global Studies, Dublin City University, D09 YT18 Dublin, Ireland)",3,Education Sciences,2227-7102,MDPI AG,journal-article,14,4,365,2024-3-29,28,29,79,True,https://creativecommons.org/licenses/by/4.0/,"IE,MY",Dublin City University; Universiti Sains Malaysia,Visually impaired(0.61); Psychology(0.50); Cognitive psychology(0.39); Human–computer interaction(0.28); Computer science(0.25),,W4393353172,crossref+openalex
184,2025,ValenzuelaRios,D,10.1108/EISFL-12-2025-0073,From intuition to knowledge: the scientific consolidation of management consulting,"Sheydi Valenzuela Ríos (Pontificia Universidad Católica del Perú , ,) | Lesly Katerine Cisneros Regalado (Pontificia Universidad Católica del Perú , ,) | Hector De La Cruz Bojorquez (Pontificia Universidad Católica del Perú , ,) | Kevin Ramos Bonifacio (Pontificia Universidad Católica del Perú , ,)",4,Education Innovations: Systems and Future Learning,2978-3151,Emerald,journal-article,1,1,199-217,2026-4-21,0,0,22,False,https://creativecommons.org/licences/by/4.0/,PE,Pontificia Universidad Católica del Perú,Scopus(0.75); Thematic analysis(0.52); Bibliometrics(0.49); Systematic review(0.48); Thematic map(0.47); Engineering ethics(0.42),,W7155206602,crossref+openalex
185,2025,Omer,C,10.30967/IJCRSET/Altyeb-Ali-Abaker-Omer/208,"Evaluating the Use of VOSviewer in Bibliometric and Science-Mapping Studies: Trends, Current State and Future Directions",Altyeb Ali Abaker Omer | Ibrahim Issa Mohamed Issa | Yousif Yahia Ahmed Abuker | Suhail Asad,4,"International Journal of Current Research in Science, Engineering &amp; Technology",2581-4311,United Research Forum,journal-article,8,4,483-497,2025-12-19,2,1,0,True,,CN,Puer University,State (computer science)(0.51); Computer science(0.49); Current (fluid)(0.45); Field (mathematics)(0.36); Key (lock)(0.31); Engineering(0.31),,W7134833783,crossref+openalex
186,2023,Mazlan,B,10.30935/cedtech/13622,Exploring the integration of bite-sized learning: A scoping review of research in education and related disciplines,"Chamil Arkhasa Nikko Mazlan (Universiti Pendidikan Sultan Idris, Tanjung Malim, Perak, MALAYSIA) | Mohd Hassan Abdullah (Universiti Pendidikan Sultan Idris, Tanjung Malim, Perak, MALAYSIA) | Mohd Azam Sulong (Universiti Pendidikan Sultan Idris, Tanjung Malim, Perak, MALAYSIA) | Ashardi Abas (Universiti Pendidikan Sultan Idris, Tanjung Malim, Perak, MALAYSIA) | Mohamad Rohieszan Ramdan (Universiti Pendidikan Sultan Idris, Tanjung Malim, Perak, MALAYSIA) | Abdul Rahman Safian (Universiti Pendidikan Sultan Idris, Tanjung Malim, Perak, MALAYSIA) | Dayang Rafidah Syariff M. Fuad (Universiti Pendidikan Sultan Idris, Tanjung Malim, Perak, MALAYSIA)",7,Contemporary Educational Technology,1309-517X,Bastas Publications,journal-article,15,4,ep468,2023-10-1,19,22,75,True,,MY,Sultan Idris Education University,Personalization(0.67); Scopus(0.65); Educational technology(0.52); Psychology(0.46); Music education(0.44); Active learning (machine learning)(0.43),,W4386226103,crossref+openalex
187,2023,Palupi,D,10.31629/jg.v8i2.6619,Research on spatial reasoning in mathematics education:  Trend and opportunity,Evangelista LW Palupi | Dwi Juniati | Siti Khabibah,3,Jurnal Gantang,2746-8453,Universitas Maritim Raja Ali Haji,journal-article,8,2,113-123,2023-12-31,1,2,0,True,http://creativecommons.org/licenses/by-nc-sa/4.0,ID,Universitas Negeri Surabaya,Mathematics education(0.66); Spatial intelligence(0.65); Spatial ability(0.61); Context (archaeology)(0.60); Scopus(0.49); Intervention (counseling)(0.48),,W4392837328,crossref+openalex
188,2026,Rodas-Coloma,D,10.3389/feduc.2026.1716735,From virality to pedagogy: a systematic and comprehensive review of TikTok's educational use in South America,Alicia Rodas-Coloma (Universidad de Salamanca) | Marcos Cabezas-González (Universidad de Salamanca) | Sonia Casillas-Martín (Universidad de Salamanca) | Pedro Nevado-Batalla Moreno (Universidad de Salamanca),4,Frontiers in Education,2504-284X,Frontiers Media SA,journal-article,11,,,2026-2-20,0,0,67,True,https://creativecommons.org/licenses/by/4.0/,ES,Universidad de Salamanca,CLARITY(0.68); Thematic analysis(0.51); Affordance(0.50); Inclusion (mineral)(0.47); Psychological intervention(0.47); Indigenous(0.42),,W7130654728,crossref+openalex
189,2026,Li,B,10.3389/feduc.2026.1744952,21st-century skills in vocal pedagogy: a scoping review,"Wei Li (Department of Music and Music Education, Sultan Idris Education University) | Chamil Arkhasa Nikko Mazlan (Department of Music and Music Education, Sultan Idris Education University; Faculty of Music, National Academy of Arts, Culture and Heritage) | Abdul Rahman Safian (Department of Music and Music Education, Sultan Idris Education University)",3,Frontiers in Education,2504-284X,Frontiers Media SA,journal-article,11,,,2026-3-11,5,4,60,True,https://creativecommons.org/licenses/by/4.0/,"MY,US","Sultan Idris Education University; Perfect Harmony Health; National Academy of Arts, Culture and Heritage",Curriculum(0.61); Pedagogy(0.59); Interdependence(0.58); Inclusion (mineral)(0.55); Psychology(0.49); Conceptual framework(0.41),,W7134916808,crossref+openalex
190,2026,AlAmri,C,10.3389/feduc.2026.1819092,Systematic literature review: gamification in teacher professional training (2019–2025),"Fatima Al Amri (Curriculum and Instructional Technology Department, Faculty of Education, Universiti Malaya) | Norlidah Alias (Curriculum and Instructional Technology Department, Faculty of Education, Universiti Malaya) | Dorothy DeWitt (Curriculum and Instructional Technology Department, Faculty of Education, Universiti Malaya)",3,Frontiers in Education,2504-284X,Frontiers Media SA,journal-article,11,,,2026-5-25,0,0,51,True,https://creativecommons.org/licenses/by/4.0/,MY,University of Malaya,Systematic review(0.76); Implementation(0.60); Competence (human resources)(0.60); Inclusion (mineral)(0.60); Professional development(0.57); Psychology(0.48),,W7162286309,crossref+openalex
191,2026,Lu,C,10.3389/fpsyg.2026.1822041,Effect of music on anxiety among adolescents: a systematic review,"Yingjie Lu (Department of Music, Faculty of Human Ecology, Universiti Putra Malaysia) | Joanne Pei Sze Yeoh (Department of Music, Faculty of Human Ecology, Universiti Putra Malaysia) | Kim Geok Soh (Department of Sports Studies, Faculty of Educational Studies, Universiti Putra Malaysia) | Xutao Liu (School of Physical Education, Jiangsu University of Science and Technology)",4,Frontiers in Psychology,1664-1078,Frontiers Media SA,journal-article,17,,,2026-7-15,0,0,44,True,https://creativecommons.org/licenses/by/4.0/,"CN,MY",Universiti Putra Malaysia; Jiangsu University of Science and Technology,Anxiety(0.77); Psychology(0.75); Psychological intervention(0.71); Intervention (counseling)(0.65); Clinical psychology(0.57); Randomized controlled trial(0.46),,W7168412785,crossref+openalex
192,2026,Fante,C,10.3389/fpsyg.2026.1853717,Neuroscience meets the classroom: a scoping review of translational research in educational neuroscience (2015–2025),"Chiara Fante (Institute for Educational Technology (ITD), National Research Council (CNR)) | Flavio Manganello (Institute for Educational Technology (ITD), National Research Council (CNR))",2,Frontiers in Psychology,1664-1078,Frontiers Media SA,journal-article,17,,,2026-7-7,0,0,72,True,https://creativecommons.org/licenses/by/4.0/,RO,National Research Council,Psychology(0.69); Translational research(0.67); Fidelity(0.64); Inclusion (mineral)(0.51); Narrative(0.50); Knowledge translation(0.50),,W7167612871,crossref+openalex
193,2026,Wang,B,10.3389/fpsyg.2026.1866711,AI-driven psychological and cognitive decision processes in professional practice: a systematic review using music teachers as an instrumental case,"Yuchen Wang (The Graduate School Arts & Culture, Sangmyung University; School of Music and Dance, Yichun Early Childhood Teachers College) | Yanqing Lan (School of Music and Dance, Yichun Early Childhood Teachers College)",2,Frontiers in Psychology,1664-1078,Frontiers Media SA,journal-article,17,,,2026-6-15,0,0,32,True,https://creativecommons.org/licenses/by/4.0/,"CN,KR",Sangmyung University; Yichun University,Psychology(0.78); Cognition(0.58); Agency (philosophy)(0.57); Perception(0.54); Quality (philosophy)(0.49); Professional development(0.49),,W7164829581,crossref+openalex
194,2026,Zhu,B,10.3389/fpsyg.2026.1892285,"Mechanisms and outcomes of flipped music education: a conceptual framework linking self-directed learning, collaboration, and student wellbeing","Qisen Zhu (Faculty of Education, University Kebangsaan Malaysia) | Jinglong Li (Department of Industrial Design, Faculty of Design and Architecture, University Putra Malaysia)",2,Frontiers in Psychology,1664-1078,Frontiers Media SA,journal-article,17,,,2026-7-23,0,0,31,True,https://creativecommons.org/licenses/by/4.0/,SI,Faculty of Design,Psychology(0.76); Conceptual framework(0.68); Music education(0.55); Cognition(0.44); Scholarship(0.44); Concept learning(0.42),,W7170146402,crossref+openalex
195,2026,Yin,D,10.3389/fspor.2026.1901612,From injury prevention to standardized scoring: a bibliometric analysis of thematic evolution and emerging trends in the development of the breakdance competition system (1984–2026),"Hang Yin (Faculty of Education, Thailand National Sport University , Chonburi Campus) | Xi Ling (School of Physical Education, Qujing Normal University; Faculty of Education, Silpakorn University, Sanam Chandra Palace Campus)",2,Frontiers in Sports and Active Living,2624-9367,Frontiers Media SA,journal-article,8,,,2026-7-28,0,0,68,True,https://creativecommons.org/licenses/by/4.0/,"CN,TH",Burapha University; Qujing Normal University; Silpakorn University,Scopus(0.70); Competition (biology)(0.65); Bibliometrics(0.53); Political science(0.49); Thematic analysis(0.46); Library science(0.41),,W7171528847,crossref+openalex
196,2025,Achmadi,D,10.18280/ijsdp.200907,Mapping Global Trends and Emerging Themes in Learning Evaluation for Quality Education (SDG 4): A Bibliometric Analysis,Achmadi | Mukhamad Zulianto | Ikhwan Ruslianto | Munawar Thoharudin,4,International Journal of Sustainable Development and Planning,"1743-7601,1743-761X",International Information and Engineering Technology Association,journal-article,20,9,3717-3730,2025-9-30,1,1,0,True,http://iieta.org/sites/default/files/TEXT%20AND%20DATA%20MINING%20SERVICE%20AGREEMENT.pdf,,,Quality (philosophy)(0.44); Knowledge management(0.39); Bibliometrics(0.37); Sociology(0.37); Higher education(0.35); Computer science(0.33),,W4415951795,crossref+openalex
197,2025,Multani,C,,,,,,,,,,,,,,,,,,,,,,,sin_doi
198,2017,Matallaoui,D,,Proceedings of the 50th Hawaii International Conference on System Sciences (2017),,,Proceedings of the ... Annual Hawaii International Conference on System Sciences/Proceedings of the Annual Hawaii International Conference on System Sciences,,,,,,,,,740,0,False,,,,Computer science(0.67); Data science(0.36),,W2509254371,openalex(title)
199,2025,Liu,D,10.2196/preprints.84695,How Multi-modal GenAI Helps Older Adults with Health Management? A Systematic Scoping Review (Preprint),Ting Liu | Yiming Taclis Luo | Patrick Cheong-Iao Pang | Haopeng Zhang | Ao Xiang | Qin Yang,6,,,JMIR Publications Inc.,posted-content,,,,2025-9-23,1,1,0,True,,,,Gerontology(0.48); Cognition(0.47); Digital health(0.45); Adaptability(0.42); Mental health(0.42); Psychology(0.41),,W4414475919,crossref+openalex
200,2024,Guspian,C,10.51574/jrip.v4i3.2059,Analisis Perkembangan Teknologi dan Tren Terkini Pada Platform Metaverse dalam Pendidikan: Perspektif Manajerial,Iza Guspian | Indah Noviyanti | Ary Fakturrachman Aryansyah,3,Jurnal Riset dan Inovasi Pembelajaran,"2776-8872,2776-1959",Education and Talent Development Center Indonesia (ETDC Indonesia),journal-article,4,3,1697-1714,2024-10-29,0,0,55,True,https://creativecommons.org/licenses/by/4.0,ID,University of Bangka Belitung,Computer science(0.24),,W4407047109,crossref+openalex
201,2025,Suripah,D,10.23947/2334-8496-2025-13-1-97-116,Research Trends in Scopus Database on Technological Innovation in the Process of Mathematics Learning: A Bibliometric Analysis,Suripah | Heri Retnawati | Zetriuslita | Zafrullah | Riyan Hidayat,5,"International Journal of Cognitive Research in Science, Engineering and Education (IJCRSEE)",2334-8496,FSFEI HE Don State Technical University,journal-article,13,1,97-116,2025-4-29,2,2,56,True,https://creativecommons.org/licenses/by/4.0,"ID,MY",Islamic University of Riau; Yogyakarta State University; Universiti Putra Malaysia,Scopus(0.83); Dominance (genetics)(0.61); Mathematics education(0.50); Process (computing)(0.46); Bibliometrics(0.46); Computer science(0.36),,W4409908739,crossref+openalex
202,2025,Mazlan,B,,,,,,,,,,,,,,,,,,,,,,,sin_doi
203,2024,Yi,A,10.1007/s10462-023-10637-7,The key artificial intelligence technologies in early childhood education: a review,Honghu Yi | Ting Liu | Gongjin Lan,3,Artificial Intelligence Review,"0269-2821,1573-7462",Springer Science and Business Media LLC,journal-article,57,1,,2024-1,66,78,160,True,https://www.springernature.com/gp/researchers/text-and-data-mining,"CN,NL",Guangzhou University; Pingxiang University; Vrije Universiteit Amsterdam; Southern University of Science and Technology,Computer science(0.61); Key (lock)(0.52); Perspective (graphical)(0.50); Data science(0.49); Emerging technologies(0.44); Autism spectrum disorder(0.42),Basic and Applied Basic Research Foundation of Guangdong Province,W4390664173,crossref+openalex
207,2025,Ekin,C,10.1007/s10639-024-13225-6,Artificial intelligence in education: A text mining-based review of the past 56 years,Cansu Cigdem Ekin | Ömer Faruk Cantekin | Elif Polat | Sinan Hopcan,4,Education and Information Technologies,"1360-2357,1573-7608",Springer Science and Business Media LLC,journal-article,30,9,11971-12013,2025-1-8,10,9,130,False,https://www.springernature.com/gp/researchers/text-and-data-mining,TR,Atilim University; Gazi University; Istanbul University-Cerrahpaşa,Educational technology(0.61); Computer science(0.44); Data science(0.40); Mathematics education(0.39); Artificial intelligence(0.35); Psychology(0.28),,W4406152761,crossref+openalex
208,2024,Feng,C,10.1007/s11423-024-10398-2,Is metaverse a buzzword in education? Insights from a systematic review,Shihui Feng | Xin Xu | Shanghao Li | Ze Li | David Gibson,5,Educational technology research and development,"1042-1629,1556-6501",Springer Science and Business Media LLC,journal-article,72,6,3349-3390,2024-7-6,12,13,57,True,https://www.springernature.com/gp/researchers/text-and-data-mining,"AU,CN,HK,US",University of Hong Kong; Beijing Academy of Artificial Intelligence; East China Normal University; University of Illinois Chicago; Curtin University,Metaverse(0.77); Educational technology(0.61); Computer science(0.46); Instructional design(0.45); Data science(0.42); Sociology(0.31),,W4400380389,crossref+openalex
209,2026,Samala,C,10.1007/s11528-026-01168-3,"A Comprehensive Bibliometric-Systematic Literature Review (B + SLR) of Microlearning Research: Mapping Global Trends, Applications, and Challenges in Education and Training",Agariadne Dwinggo Samala | Aidi Ahmi | Febri Prasetya | Georgios Lampropoulos | Soha Rawas | Kai-Yu Tang | Mustafa Fidan | Fadhli Ranuharja | Putra Jaya,9,TechTrends,"8756-3894,1559-7075",Springer Science and Business Media LLC,journal-article,70,2,495-529,2026-2-19,2,2,161,False,https://www.springernature.com/gp/researchers/text-and-data-mining,"GR,ID,LB,MY,TR,TW",State University of Padang; Northern University of Malaysia; International Hellenic University; Beirut Arab University; Ming Chuan University; Bartin University,Scopus(0.79); Inclusion (mineral)(0.55); Citation(0.54); Thematic analysis(0.51); Knowledge management(0.42); Higher education(0.41),Lembaga Penelitian dan Pengabdian Masyarakat Universitas Negeri Padang,W7130509572,crossref+openalex
210,2026,Dorfer,D,10.1007/s35834-026-00563-3,Out-of-field teaching—An opportunity for cross-curricular teaching in a complex world?—A scoping review,Romana Dorfer | James Loparics | Bettina Krepper | Laura Seiler,4,Zeitschrift für Bildungsforschung,"2190-6890,2190-6904",Springer Science and Business Media LLC,journal-article,,,,2026-8-3,0,0,75,True,https://creativecommons.org/licenses/by/4.0/deed.de,AT,Johannes Kepler University of Linz,Disadvantaged(0.67); Equity (law)(0.51); Professional development(0.44); Pedagogy(0.42); Medical education(0.40); Psychology(0.40),Johannes Kepler University Linz,W7172280311,crossref+openalex
211,2025,Ramirez-Montoya,D,10.1186/s40561-025-00409-x,Technologies and strategies in collaborative online international learning: systematic literature mapping,María Soledad Ramírez-Montoya | Hugo Rozo-García,2,Smart Learning Environments,2196-7091,Springer Science and Business Media LLC,journal-article,12,1,,2025-10-13,5,5,75,True,https://creativecommons.org/licenses/by/4.0,"CO,ES",Universidad Europea de Madrid; Universidad de La Sabana,Categorization(0.76); Scopus(0.68); Systematic review(0.60); Knowledge management(0.59); Computer science(0.50); Data science(0.45),,W4415114824,crossref+openalex
212,2025,Llerena,D,10.1007/s40692-025-00360-3,Evaluating the usability of open source software tools in e-learning: a systematic mapping study and case study,Lucrecia Llerena | John W. Castro | Nancy Rodriguez,3,Journal of Computers in Education,"2197-9987,2197-9995",Springer Science and Business Media LLC,journal-article,13,1,355-388,2025-7-23,0,0,57,False,https://www.springernature.com/gp/researchers/text-and-data-mining,"CL,EC",Universidad Técnica Estatal de Quevedo; University of Atacama,Usability(0.81); Computer science(0.64); Open source software(0.56); Open source(0.51); Pluralistic walkthrough(0.44); Software(0.42),Universidad Técnica Estatal de Quevedo,W4412582855,crossref+openalex
213,2025,Mazlan,C,10.1057/s41599-025-04847-3,Music in cultural tourism: insights from a dual approach of scoping review and bibliometric analysis,Chamil Arkhasa Nikko Mazlan | Mohd Hassan Abdullah | Nor Shuradi Nor Hashim | Nurulakmal Abdul Wahid,4,Humanities and Social Sciences Communications,2662-9992,Springer Science and Business Media LLC,journal-article,12,1,,2025-4-13,14,14,108,True,https://creativecommons.org/licenses/by-nc-nd/4.0,MY,"Sultan Idris Education University; National Academy of Arts, Culture and Heritage",Dual (grammatical number)(0.70); Tourism(0.57); Sociology(0.38); Data science(0.34); Geography(0.24); Computer science(0.23),Kementerian Pendidikan Malaysia; Kementerian Pendidikan Malaysia; Kementerian Pendidikan Malaysia; Kementerian Pendidikan Malaysia,W4409384708,crossref+openalex
214,2026,Aldhaheri,D,10.1007/s44217-026-01122-8,A bibliometric analysis of electroencephalography studies on second Language processing from 2010 to 2024,Talal A. Aldhaheri | Sonali B. Kulkarni | Yasser M. Alrefaee,3,Discover Education,2731-5525,Springer Science and Business Media LLC,journal-article,5,1,,2026-1-20,0,0,69,True,https://creativecommons.org/licenses/by-nc-nd/4.0,"GB,IN,RO",1 Decembrie 1918 University; Dr. Babasaheb Ambedkar Marathwada University; Education Scotland,Neurocognitive(0.85); Cognition(0.60); Cognitive psychology(0.51); Electroencephalography(0.50); Psychology(0.49); Age of Acquisition(0.46),,W7125039450,crossref+openalex
216,2025,Saefan,D,10.21203/rs.3.rs-7428847/v1,Programming Languages for AI Readiness and Creativity Enhancement in Education: A Systematic Literature Review,Joko Saefan (Universitas PGRI Semarang) | Siti Wahyuni (Universitas Negeri Semarang) | Bambang Subali (Universitas Negeri Semarang) | Hartono (Universitas Negeri Semarang),4,Research Square,,Springer Science and Business Media LLC,posted-content,,,,2025-8-25,0,0,0,True,https://creativecommons.org/licenses/by/4.0/,ID,Universitas PGRI Semarang; State University of Semarang,Creativity(0.78); Systematic review(0.56); Psychology(0.40); Computer science(0.40); Political science(0.19); Social psychology(0.11),,W4413539682,crossref+openalex
217,2026,Zhang,D,10.1177/20552076261436251,From algorithms to clinical execution: A cross-validated knowledge atlas of AI-enabled precision care (2015–2025),"Boxiang Zhang (The Affiliated Cancer Hospital of Xinjiang Medical University) | Lucy Yue Lau (Harvard Medical School) | Kuan Wang (Department of Gastrointestinal Surgery, The Affiliated Cancer Hospital of Xinjiang Medical University, Urumqi, China) | Kejin Li (Nanfang Hospital, Southern Medical University) | Boyang Li (The First Affiliated Hospital of Zhengzhou University) | Zehao Hong (The First Affiliated Hospital of Zhengzhou University) | Richard J. Aldridge (University of Minnesota) | Elizabeth A. Whitmore (University of Minnesota) | Zeliang Zhao (Department of Gastrointestinal Surgery, The Affiliated Cancer Hospital of Xinjiang Medical University, Urumqi, China) | Yi Chen (The Affiliated Cancer Hospital of Xinjiang Medical University; Harvard Medical School)",10,DIGITAL HEALTH,"2055-2076,2055-2076",SAGE Publications,journal-article,12,,,2026-2,2,2,59,True,https://creativecommons.org/licenses/by-nc/4.0/,"CN,US",Xinjiang Medical University; Harvard University; Tumor Hospital of Xinjiang Medical University; Nanfang Hospital; Southern Medical University; First Affiliated Hospital of Zhengzhou University; University of Minnesota System,Interpretability(0.88); Computer science(0.58); Thematic map(0.56); Data science(0.52); Scopus(0.50); Field (mathematics)(0.44),Natural Science Foundation of Xinjiang Uygur Autonomous Region,W7138915831,crossref+openalex
218,2026,Zhu,B,10.1177/21582440261457887,Technology-Enhanced Strategies to Address Learning Needs in Undergraduate Music Theory: A Systematic Review,"Qisen Zhu (University Kebangsaan Malaysia, Selangor, Malaysia) | Khairul Azhar Jamaludin (University Kebangsaan Malaysia, Selangor, Malaysia) | Jinglong Li (Universiti Putra Malaysia, Serdang, Malaysia)",3,Sage Open,"2158-2440,2158-2440",SAGE Publications,journal-article,16,3,,2026-7,0,0,42,True,https://creativecommons.org/licenses/by-nc/4.0/,MY,Universiti Putra Malaysia,Inclusion (mineral)(0.60); Curriculum(0.60); Music education(0.53); Pedagogy(0.47); Key (lock)(0.46); Psychology(0.44),,W7131064728,crossref+openalex
219,2026,Xiao,B,10.1016/j.actpsy.2026.107215,Technology-enhanced studio design and creative musicianship: Exploring self-efficacy and motivational moderators,Shiyi Xiao | Atif Saleem,2,Acta Psychologica,0001-6918,Elsevier BV,journal-article,268,,107215,2026-8,0,0,56,True,https://www.elsevier.com/tdm/userlicense/1.0/,"IE,TH",Mahidol University; University of Limerick,Psychology(0.75); Studio(0.48); Creativity(0.41); Social psychology(0.40); Design studio(0.39); Applied psychology(0.33),,W7163884665,crossref+openalex
220,2026,Ramoneda,A,10.1016/j.eswa.2026.132088,Difficulty-aware score generation for piano sight-reading,Pedro Ramoneda | Masahiro Suzuki | Akira Maezawa | Xavier Serra,4,Expert Systems with Applications,0957-4174,Elsevier BV,journal-article,321,,132088,2026-7,0,0,62,True,https://www.elsevier.com/tdm/userlicense/1.0/,"ES,JP",Universitat Pompeu Fabra; Yamaha (Japan),Piano(0.74); Mathematics(0.43); Computer science(0.37); Artificial intelligence(0.35); Speech recognition(0.33); Natural language processing(0.27),España Ministerio de Ciencia e Innovación; Yamaha,W7139982317,crossref+openalex
221,2026,Quan,D,10.1016/j.actpsy.2026.107024,Attentional effects on affect and prefrontal activation during high-intensity exercise with music,Yixue Quan | Kirk N. Olsen | William Forde Thompson,3,Acta Psychologica,0001-6918,Elsevier BV,journal-article,267,,107024,2026-7,1,1,111,True,https://www.elsevier.com/tdm/userlicense/1.0/,AU,Macquarie University; Bond University,Psychology(0.75); Valence (chemistry)(0.61); Affect (linguistics)(0.61); Cognition(0.54); Cognitive psychology(0.51); Perception(0.50),China Scholarship Council; Macquarie University; Australian Research Council,W7162450969,crossref+openalex
222,2026,Prasanna,A,10.1016/j.cej.2026.178140,Gesture-controlled musical interface enabled mechano-electric transducer using intrinsic hybrid nanogenerator,Asokan Poorani Sathya Prasanna | Monunith Anithkumar | Arul Saravanan Raaju Sundhar | Thanjan Shaji Bincy | Kwi-Il Park | Nagamalleswara Rao Alluri | Sang-Jae Kim,7,Chemical Engineering Journal,1385-8947,Elsevier BV,journal-article,542,,178140,2026-8,0,0,39,False,https://www.elsevier.com/tdm/userlicense/1.0/,KR,Jeju National University; Kyungpook National University,Transducer(0.70); Interface (matter)(0.55); Nanogenerator(0.51); Acoustics(0.50); Musical(0.49); Materials science(0.47),"Ministry of Science and ICT, South Korea; National Research Foundation of Korea",W7163734154,crossref+openalex
223,2026,Wu,B,10.1016/j.sasc.2026.200554,Intelligent choreography movement sequence generation and optimization based on deep reinforcement learning,Chuling Wu,1,Systems and Soft Computing,2772-9419,Elsevier BV,journal-article,9,,200554,2026-12,0,0,36,True,https://www.elsevier.com/tdm/userlicense/1.0/,CN,Quanzhou Normal University,Computer science(0.65); Artificial intelligence(0.65); Sequence (biology)(0.52); Movement (music)(0.51); Reinforcement learning(0.50); Computer vision(0.36),,W7168122004,crossref+openalex
224,2026,Ren,B,10.1016/j.actpsy.2026.107648,"Generative AI in music learning: A mixed-method study of skill development, AI dependence, and the moderating role of AI literacy",Yanran Ren | Safeer Ullah Khan,2,Acta Psychologica,0001-6918,Elsevier BV,journal-article,270,,107648,2026-10,0,0,88,True,https://www.elsevier.com/tdm/userlicense/1.0/,CN,Wuhan Business University; Wuhan Technology and Business University; Shenzhen University,Psychology(0.70); Literacy(0.57); Generative grammar(0.50); Cognitive psychology(0.42); Cognitive science(0.36); Generative model(0.33),,W7203670741,crossref+openalex
225,2026,Luo,C,10.1016/j.actpsy.2026.106249,Research on the acceptance of Chinese traditional music and student cultural identity differences under Chinese and Western music education models,Yujing Luo | Rui Wang,2,Acta Psychologica,0001-6918,Elsevier BV,journal-article,263,,106249,2026-3,0,0,55,True,https://www.elsevier.com/tdm/userlicense/1.0/,KR,Baekseok Arts University; Baekseok University,Structural equation modeling(0.72); Mediation(0.58); Music education(0.58); Psychology(0.53); Cultural identity(0.52); Conformity(0.48),Baekseok University,W7125383408,crossref+openalex
226,2026,Deng,A,10.1016/j.actpsy.2026.106264,AI-driven emotional intelligence in piano education: Deep learning models for expressive performance coaching,Xiaodong Deng,1,Acta Psychologica,0001-6918,Elsevier BV,journal-article,263,,106264,2026-3,4,4,35,True,https://www.elsevier.com/tdm/userlicense/1.0/,CN,Shenyang Conservatory of Music,Piano(0.89); Psychology(0.70); Coaching(0.61); Emotional intelligence(0.60); Cognitive psychology(0.50); Expressivity(0.47),,W7124832005,crossref+openalex
